size_sqm,bedrooms,bathrooms,age_years,distance_km,neighbourhood,has_garden,price
150,5,2,21,10.0,Suburbs,1,273000
138,4,2,29,4.9,Hillside,0,359000
103,3,1,13,1.8,Suburbs,1,230000
138,4,3,7,3.6,Suburbs,1,396000
95,2,1,3,8.1,Central,0,307000
101,2,1,26,2.8,Industrial,0,179000
60,2,1,8,2.5,Suburbs,0,139000
108,4,2,2,3.4,Suburbs,0,279000
97,2,1,25,3.5,Central,0,302000
53,2,1,3,5.0,Hillside,1,153000
93,4,2,62,2.0,Hillside,0,272000
92,3,2,3,10.8,Industrial,0,173000
153,5,2,41,22.1,Suburbs,1,258000
124,3,1,30,4.7,Suburbs,0,279000
95,3,2,2,8.3,Hillside,1,268000
103,2,1,13,12.7,Riverside,1,288000
96,2,1,51,7.2,Suburbs,1,197000
89,3,2,5,17.1,Central,0,314000
60,1,1,19,5.5,Suburbs,0,133000
90,3,1,51,11.3,Suburbs,1,217000
71,1,1,6,6.0,Suburbs,1,179000
55,1,1,8,7.7,Hillside,0,157000
111,3,1,3,1.4,Industrial,1,245000
108,3,2,71,2.7,Suburbs,1,283000
38,1,1,3,9.2,Suburbs,0,86000
91,3,1,89,6.9,Riverside,0,245000
127,4,2,14,4.2,Hillside,0,396000
129,4,2,46,9.0,Central,1,392000
128,5,2,40,6.7,Riverside,1,367000
96,2,1,28,5.9,Suburbs,0,197000
68,2,1,16,5.2,Suburbs,1,170000
60,3,2,26,5.3,Industrial,1,169000
106,4,2,11,1.6,Riverside,0,309000
107,2,1,31,5.3,Hillside,0,241000
136,4,2,0,3.8,Hillside,0,424000
130,5,2,2,6.2,Riverside,1,421000
91,3,2,3,5.5,Central,0,390000
55,2,1,5,3.9,Hillside,0,150000
85,3,1,8,7.8,Riverside,1,261000
102,3,1,52,4.4,Suburbs,0,201000
89,3,1,107,9.7,Hillside,1,199000
77,2,2,6,5.6,Suburbs,0,163000
103,3,1,2,11.9,Suburbs,1,240000
79,3,1,7,3.6,Riverside,0,249000
75,2,1,34,8.0,Suburbs,0,158000
105,4,3,51,5.7,Suburbs,0,234000
82,4,2,15,0.6,Hillside,1,242000
103,2,1,14,5.3,Riverside,1,334000
104,3,2,26,14.5,Suburbs,0,186000
59,1,1,36,3.0,Central,0,215000
80,3,1,23,4.1,Riverside,0,284000
141,4,2,1,4.0,Central,1,578000
58,2,2,112,10.6,Suburbs,1,121000
28,2,1,14,4.5,Suburbs,0,73000
35,1,1,18,5.9,Suburbs,0,93000
96,4,2,3,1.2,Suburbs,1,263000
96,2,2,2,9.9,Hillside,1,232000
91,4,2,2,6.2,Suburbs,1,245000
134,4,2,21,2.1,Central,0,464000
28,2,2,2,1.1,Central,1,178000
108,3,1,90,10.3,Suburbs,1,203000
145,4,2,19,5.1,Hillside,1,428000
59,2,1,18,6.8,Suburbs,0,121000
83,3,2,54,18.3,Suburbs,1,158000
71,2,1,18,10.0,Suburbs,0,161000
66,3,1,6,13.5,Suburbs,1,170000
85,2,1,31,6.1,Suburbs,1,185000
141,5,3,1,8.8,Riverside,1,424000
154,5,3,4,8.7,Central,1,456000
84,3,1,25,3.7,Hillside,0,216000
156,4,2,0,11.3,Riverside,1,463000
96,3,2,23,3.3,Hillside,0,253000
151,3,1,58,9.8,Suburbs,0,268000
92,3,2,120,7.7,Riverside,1,217000
99,2,1,43,5.6,Central,0,291000
107,3,3,6,4.7,Riverside,1,420000
197,6,3,12,2.6,Riverside,1,611000
122,5,2,9,3.2,Suburbs,0,265000
72,2,1,10,5.7,Suburbs,0,161000
126,4,2,32,3.7,Suburbs,0,247000
83,2,1,54,6.9,Suburbs,1,172000
79,3,1,13,7.4,Hillside,0,225000
124,4,2,0,4.5,Suburbs,0,289000
96,3,1,10,1.0,Riverside,0,355000
104,3,1,21,19.6,Central,0,262000
95,2,1,7,1.1,Central,1,360000
106,4,2,13,14.9,Suburbs,1,244000
109,2,1,51,3.0,Hillside,0,210000
33,1,1,8,3.8,Riverside,0,115000
116,4,1,19,13.9,Hillside,0,247000
64,3,1,21,8.2,Riverside,1,228000
49,1,1,54,1.8,Suburbs,0,129000
93,3,1,14,1.8,Hillside,0,228000
98,4,2,24,7.4,Hillside,1,300000
73,3,1,12,2.5,Riverside,1,240000
122,3,1,13,8.5,Suburbs,0,231000
52,2,1,120,9.0,Hillside,1,131000
82,3,2,20,3.3,Central,0,291000
76,3,2,110,4.0,Central,0,268000
94,3,2,17,7.6,Industrial,1,199000
104,3,1,1,3.2,Industrial,0,198000
63,1,1,3,6.3,Suburbs,1,180000
118,4,2,1,23.3,Riverside,1,312000
97,3,2,30,7.8,Industrial,0,188000
34,1,1,24,4.5,Suburbs,0,100000
32,1,1,7,20.9,Suburbs,1,91000
95,4,1,37,10.3,Hillside,1,236000
88,3,2,48,2.6,Riverside,0,297000
92,2,1,24,3.0,Central,0,310000
94,3,1,16,1.3,Industrial,1,198000
102,2,2,12,7.5,Hillside,0,308000
125,3,1,7,0.8,Riverside,0,445000
59,2,1,19,20.9,Riverside,1,156000
57,3,1,27,4.9,Suburbs,0,128000
60,1,1,19,10.8,Riverside,1,208000
104,4,2,21,4.6,Suburbs,0,261000
135,4,2,103,7.4,Suburbs,0,257000
81,3,2,79,5.4,Suburbs,0,172000
28,1,1,14,6.2,Hillside,1,106000
40,2,1,9,13.0,Suburbs,1,108000
68,2,1,120,17.1,Suburbs,1,118000
77,1,1,4,16.2,Suburbs,1,169000
82,2,1,34,34.7,Central,0,167000
96,3,1,51,3.4,Hillside,0,229000
85,2,1,1,7.9,Central,1,322000
129,4,3,87,3.5,Hillside,0,354000
73,2,1,18,12.6,Riverside,1,227000
67,4,1,32,2.7,Central,0,227000
110,2,1,5,13.1,Central,1,362000
46,2,1,93,6.9,Suburbs,1,115000
107,3,2,51,5.6,Riverside,0,266000
98,3,2,29,6.1,Industrial,1,212000
90,3,2,11,2.3,Suburbs,1,248000
146,3,2,32,2.5,Riverside,0,537000
75,2,1,37,7.0,Suburbs,1,203000
161,6,3,108,7.0,Central,1,489000
88,2,2,4,3.6,Industrial,1,203000
54,2,1,18,4.9,Hillside,0,150000
97,4,2,8,8.3,Suburbs,1,218000
61,2,1,10,3.1,Central,0,189000
71,2,1,83,1.1,Hillside,1,180000
108,2,2,3,15.3,Hillside,1,265000
113,4,2,48,7.3,Industrial,1,176000
75,2,1,98,4.2,Suburbs,1,160000
127,3,2,1,3.5,Hillside,0,339000
132,4,2,8,3.1,Riverside,0,394000
141,4,2,13,12.6,Riverside,0,339000
112,3,2,4,2.0,Hillside,0,307000
139,5,3,2,7.9,Hillside,1,444000
35,1,1,8,7.9,Central,1,153000
85,3,1,6,10.0,Suburbs,0,171000
67,1,1,33,4.5,Suburbs,0,152000
99,3,1,33,14.5,Central,0,270000
77,4,1,35,10.2,Suburbs,1,163000
90,3,2,82,4.4,Central,1,280000
155,5,3,3,3.4,Suburbs,1,429000
90,2,1,20,5.4,Riverside,0,248000
108,3,1,18,4.2,Suburbs,0,217000
88,3,2,86,2.9,Suburbs,0,193000
97,3,1,7,6.3,Suburbs,1,235000
95,3,2,41,4.9,Central,1,280000
109,3,2,6,16.7,Industrial,1,192000
132,4,2,3,4.2,Riverside,1,449000
148,4,2,28,3.3,Central,0,512000
105,3,1,28,6.0,Suburbs,0,272000
114,4,2,95,7.2,Hillside,1,302000
58,1,1,3,7.6,Suburbs,1,174000
92,3,1,13,7.5,Suburbs,0,255000
125,3,2,72,6.2,Riverside,1,366000
123,4,2,26,5.8,Industrial,1,243000
102,3,2,43,9.1,Riverside,1,318000
123,5,3,3,2.7,Hillside,0,337000
111,4,2,1,3.4,Riverside,1,369000
133,3,2,20,1.5,Industrial,1,258000
104,4,2,11,2.8,Riverside,1,356000
84,2,1,33,11.8,Central,1,247000
106,3,1,49,8.8,Hillside,1,240000
28,1,1,75,18.1,Industrial,1,69000
107,3,1,77,15.5,Suburbs,1,192000
28,1,1,36,8.9,Suburbs,1,74000
40,1,1,3,6.7,Suburbs,1,104000
109,3,1,11,6.1,Suburbs,1,230000
110,3,1,24,0.8,Hillside,1,288000
58,1,1,84,5.6,Riverside,0,161000
72,3,2,0,3.8,Suburbs,0,192000
139,5,2,47,2.9,Suburbs,0,337000
80,4,1,9,7.9,Hillside,1,234000
167,7,4,5,5.1,Central,1,660000
95,2,2,4,6.4,Suburbs,1,257000
108,3,2,16,2.5,Riverside,0,342000
147,4,2,74,10.5,Industrial,1,262000
99,3,2,36,4.2,Riverside,0,318000
63,2,2,56,7.7,Central,1,234000
91,2,2,28,4.5,Suburbs,0,241000
94,2,1,21,0.6,Riverside,0,235000
51,2,1,120,8.2,Riverside,1,138000
87,2,1,55,5.4,Suburbs,0,177000
71,3,2,69,1.4,Suburbs,1,211000
125,3,1,0,2.3,Riverside,0,437000
96,5,3,2,10.7,Riverside,1,266000
86,2,2,29,1.5,Suburbs,1,265000
92,3,2,70,4.1,Industrial,0,150000
102,2,2,38,19.1,Hillside,1,206000
115,5,3,0,8.3,Central,1,403000
63,3,1,41,9.7,Central,0,188000
62,2,1,48,4.8,Riverside,0,155000
130,3,1,120,1.3,Central,0,387000
82,3,1,0,6.8,Suburbs,1,216000
50,1,1,3,2.4,Central,0,209000
109,4,3,58,2.2,Hillside,1,301000
110,4,2,35,6.3,Suburbs,1,259000
46,1,1,15,2.5,Suburbs,0,118000
102,2,1,21,5.8,Riverside,1,354000
119,3,2,24,3.4,Suburbs,0,214000
107,4,2,75,5.6,Suburbs,1,221000
115,4,2,59,3.9,Suburbs,1,269000
50,2,1,20,5.7,Central,0,159000
106,2,2,18,14.6,Central,0,302000
85,3,2,15,9.9,Industrial,0,155000
80,3,2,26,5.3,Hillside,0,205000
123,3,1,47,13.2,Riverside,1,304000
142,4,3,41,7.7,Hillside,1,386000
152,5,3,67,12.6,Suburbs,1,298000
137,4,2,28,1.7,Industrial,0,247000
91,2,1,32,2.6,Riverside,0,263000
106,3,1,19,6.8,Industrial,1,199000
120,4,2,66,5.2,Central,1,331000
99,3,2,120,5.7,Suburbs,0,200000
99,3,1,15,8.6,Suburbs,0,199000
121,4,2,37,6.8,Central,0,427000
93,3,1,7,10.5,Central,1,321000
72,3,2,27,10.3,Hillside,0,205000
82,2,1,43,2.7,Industrial,1,152000
115,3,2,11,0.6,Suburbs,0,278000
95,3,2,19,2.5,Industrial,1,186000
106,2,1,100,2.4,Suburbs,1,212000
116,4,2,0,6.1,Hillside,1,364000
83,3,1,67,6.0,Suburbs,1,213000
119,4,2,108,5.0,Central,0,305000
107,4,1,34,7.9,Central,1,328000
55,1,1,32,24.6,Suburbs,0,94000
141,3,2,16,4.9,Suburbs,0,333000
79,3,1,64,6.9,Riverside,1,191000
42,1,1,33,5.7,Hillside,1,115000
62,2,1,27,3.7,Suburbs,0,153000
62,2,1,21,8.7,Suburbs,1,129000
97,3,1,34,4.7,Suburbs,1,219000
86,3,2,0,3.1,Hillside,1,272000
84,3,1,12,3.3,Hillside,0,234000
115,3,2,24,10.7,Hillside,1,286000
106,2,1,26,8.5,Suburbs,1,227000
105,4,2,19,4.0,Suburbs,0,268000
108,4,3,67,7.8,Hillside,1,290000
115,4,2,35,5.8,Riverside,0,306000
28,1,1,29,7.0,Riverside,1,109000
83,3,1,102,3.6,Suburbs,0,170000
28,1,1,61,2.5,Suburbs,0,86000
96,4,3,73,4.7,Central,0,339000
95,2,1,57,2.8,Central,1,359000
128,4,2,38,2.7,Suburbs,0,275000
133,5,3,46,1.8,Central,0,437000
101,3,1,14,0.6,Suburbs,1,254000
79,2,1,6,4.0,Riverside,1,255000
111,4,2,40,12.1,Central,1,311000
78,3,2,3,10.2,Industrial,1,187000
95,3,2,31,16.1,Riverside,1,274000
127,4,2,2,2.6,Riverside,1,402000
77,2,1,32,9.0,Riverside,0,219000
121,5,3,5,5.3,Central,1,455000
117,3,1,17,3.3,Central,0,419000
64,2,1,10,11.2,Central,0,179000
126,4,2,20,5.3,Riverside,0,359000
117,4,2,15,1.1,Central,1,439000
98,2,1,4,10.1,Suburbs,1,235000
71,1,1,3,7.5,Suburbs,0,152000
68,1,1,2,6.3,Hillside,0,145000
78,2,2,22,2.1,Riverside,1,246000
112,3,1,3,6.8,Hillside,0,278000
64,2,1,12,14.7,Suburbs,1,148000
109,4,3,12,7.3,Suburbs,1,323000
55,1,1,13,1.5,Central,0,217000
88,3,1,25,7.7,Riverside,1,261000
99,3,2,8,7.4,Riverside,1,308000
173,6,3,15,9.5,Riverside,0,516000
51,2,1,120,7.2,Suburbs,1,111000
142,4,2,55,2.7,Hillside,0,348000
100,3,2,77,6.1,Central,1,292000
108,4,2,17,4.7,Hillside,1,347000
99,3,1,9,6.6,Hillside,1,276000
109,3,2,22,11.5,Central,0,310000
90,3,1,14,3.4,Suburbs,0,206000
142,4,2,60,17.6,Central,1,387000
80,3,1,66,7.7,Industrial,1,143000
131,5,2,29,10.1,Central,0,374000
74,2,1,20,9.3,Suburbs,0,148000
93,3,2,16,7.5,Industrial,1,198000
61,2,1,24,8.4,Industrial,1,123000
110,4,2,5,0.3,Suburbs,0,269000
141,4,2,72,9.2,Suburbs,0,237000
93,3,1,11,2.8,Suburbs,0,219000
89,3,2,10,5.5,Suburbs,0,211000
59,2,2,102,7.4,Central,1,195000
88,2,1,78,11.8,Hillside,1,202000
44,1,1,41,2.8,Hillside,0,132000
66,1,1,7,4.1,Suburbs,1,188000
102,2,1,31,4.6,Hillside,1,286000
137,5,3,31,6.6,Hillside,1,358000
185,7,4,5,4.8,Suburbs,0,416000
76,3,1,4,8.5,Riverside,0,197000
141,3,2,6,1.2,Central,0,481000
103,4,2,25,5.2,Hillside,0,271000
90,4,2,4,15.6,Hillside,0,197000
109,3,2,7,4.8,Riverside,0,333000
97,3,1,15,7.7,Hillside,1,234000
99,2,1,20,10.6,Hillside,1,212000
82,3,2,35,7.5,Riverside,1,274000
50,1,1,6,18.6,Hillside,1,126000
46,2,1,86,6.2,Suburbs,1,108000
116,3,2,10,8.8,Riverside,0,295000
86,3,1,39,6.8,Industrial,1,170000
76,3,1,1,13.6,Industrial,0,142000
95,2,1,19,4.3,Hillside,0,236000
120,3,1,11,19.6,Riverside,0,261000
101,2,1,48,3.5,Hillside,1,294000
74,2,2,68,16.6,Suburbs,0,121000
134,4,2,33,2.6,Suburbs,0,364000
146,4,2,120,8.9,Suburbs,0,314000
111,4,2,4,5.8,Hillside,1,246000
126,4,2,29,10.5,Suburbs,1,272000
135,4,2,15,7.8,Riverside,0,351000
131,4,2,26,10.1,Suburbs,1,280000
115,4,2,7,2.5,Riverside,0,347000
114,4,2,46,1.4,Suburbs,0,285000
112,3,2,43,2.2,Suburbs,1,274000
60,2,1,13,2.1,Central,1,220000
117,3,1,6,2.5,Suburbs,0,267000
52,2,1,23,3.7,Central,0,195000
70,2,1,27,3.7,Suburbs,0,146000
137,4,2,28,5.9,Central,1,394000
122,4,2,26,3.0,Industrial,1,296000
143,4,2,6,3.2,Central,0,468000
86,3,2,27,5.0,Industrial,0,165000
58,2,1,18,11.4,Suburbs,1,137000
87,1,1,66,4.2,Suburbs,0,191000
98,4,2,0,5.6,Suburbs,0,276000
98,1,1,4,6.3,Suburbs,1,248000
131,4,2,18,2.7,Industrial,0,216000
83,3,2,27,4.5,Riverside,0,224000
106,3,2,22,3.4,Suburbs,1,260000
63,1,1,37,10.7,Central,1,204000
109,3,2,9,10.2,Suburbs,1,217000
95,4,3,15,3.2,Riverside,0,335000
71,1,1,17,5.5,Suburbs,0,147000
87,3,2,35,8.8,Suburbs,0,220000
89,3,1,75,7.3,Hillside,1,254000
86,2,1,33,7.8,Hillside,1,219000
152,4,2,1,2.7,Suburbs,1,392000
92,2,1,17,16.2,Suburbs,1,169000
87,3,2,24,3.6,Hillside,0,255000
28,1,1,4,3.6,Suburbs,0,75000
66,1,1,6,1.9,Industrial,0,121000
87,2,1,25,5.2,Central,0,279000
73,2,2,18,12.2,Central,1,241000
139,5,2,54,7.2,Central,1,421000
90,2,1,46,5.5,Suburbs,0,207000
136,5,2,66,9.7,Hillside,1,293000
97,3,1,5,12.0,Suburbs,0,228000
96,2,1,48,10.2,Suburbs,1,180000
92,2,2,4,1.0,Riverside,1,374000
95,2,2,4,9.7,Suburbs,1,211000
150,4,2,10,8.0,Suburbs,1,338000
28,1,1,5,3.1,Riverside,0,96000
31,1,1,39,8.0,Hillside,1,101000
78,1,1,3,12.3,Riverside,1,243000
95,3,2,48,3.8,Riverside,1,339000
117,3,2,10,10.6,Central,0,406000
110,3,2,48,7.3,Industrial,1,201000
83,2,1,22,0.3,Hillside,0,235000
128,3,1,32,5.8,Hillside,0,284000
128,5,3,2,7.1,Suburbs,1,292000
101,3,2,43,4.7,Suburbs,0,206000
126,4,2,13,7.5,Industrial,1,233000
104,2,1,5,5.3,Suburbs,1,256000
77,2,1,12,22.1,Hillside,1,144000
117,4,2,16,4.4,Hillside,1,327000
99,2,1,9,3.2,Industrial,1,231000
95,4,2,22,10.3,Suburbs,0,228000
142,4,2,51,4.9,Industrial,0,230000
28,1,1,18,5.5,Central,1,111000
50,1,1,5,5.2,Suburbs,0,128000
57,2,1,16,9.9,Suburbs,1,116000
83,2,1,11,2.5,Central,1,345000
87,3,1,3,10.6,Suburbs,1,197000
47,1,1,7,8.5,Suburbs,1,152000
63,2,1,14,17.7,Central,1,167000
67,2,1,26,6.7,Hillside,0,185000
174,6,2,60,2.6,Suburbs,0,362000
153,5,3,1,6.8,Riverside,1,453000
82,2,1,6,7.4,Hillside,1,200000
83,3,2,8,12.9,Hillside,1,236000
58,2,1,50,2.6,Riverside,1,203000
34,1,1,22,1.5,Industrial,0,89000
91,3,1,10,6.9,Suburbs,1,238000
63,3,1,15,18.2,Central,0,166000
92,2,1,23,9.3,Industrial,0,139000
44,2,2,8,9.7,Suburbs,1,119000
71,1,1,51,1.9,Riverside,0,239000
100,3,1,47,6.1,Suburbs,0,192000
107,4,2,22,13.1,Central,1,383000
108,4,2,74,7.4,Industrial,1,206000
53,2,2,1,1.4,Suburbs,0,157000
122,3,1,110,6.0,Suburbs,1,229000
69,2,1,120,8.9,Central,1,212000
115,3,2,5,5.6,Suburbs,1,285000
95,2,1,10,2.9,Central,0,320000
51,1,1,17,10.5,Riverside,1,173000
85,3,2,3,4.3,Central,0,306000
107,3,1,28,7.9,Suburbs,1,221000
115,3,1,7,5.9,Riverside,1,363000
90,2,1,30,4.2,Industrial,0,160000
144,5,3,23,19.5,Suburbs,1,296000
127,4,2,20,3.8,Central,1,431000
87,3,1,5,6.3,Central,1,277000
119,4,2,13,5.9,Central,0,465000
157,5,3,46,6.8,Suburbs,1,404000
158,5,3,57,18.5,Suburbs,1,317000
56,2,1,4,8.9,Riverside,1,176000
65,2,1,2,4.1,Suburbs,1,171000
143,4,2,16,15.0,Central,1,473000
61,3,1,3,9.9,Suburbs,1,149000
53,1,1,56,4.2,Industrial,1,110000
79,2,1,59,13.5,Suburbs,1,193000
108,4,2,40,1.9,Suburbs,0,253000
92,3,1,14,2.4,Suburbs,0,253000
74,1,1,3,1.3,Central,1,258000
73,3,2,1,0.8,Riverside,0,265000
72,2,2,35,12.9,Central,1,289000
67,1,1,32,6.8,Hillside,0,169000
168,6,3,11,1.5,Suburbs,1,415000
105,4,1,32,5.8,Suburbs,1,216000
123,3,1,26,10.9,Suburbs,1,281000
79,4,2,3,3.3,Riverside,1,258000
89,3,1,9,4.7,Suburbs,1,219000
72,2,1,36,20.0,Riverside,1,160000
28,2,1,20,5.0,Riverside,0,109000
51,2,1,54,1.6,Suburbs,0,136000
37,1,1,15,3.9,Industrial,0,79000
28,1,1,75,1.4,Suburbs,0,66000
57,2,1,50,9.4,Central,1,221000
137,5,3,57,2.9,Suburbs,0,301000
94,3,1,29,2.8,Central,0,287000
136,4,2,3,21.2,Suburbs,0,205000
108,3,2,10,2.1,Suburbs,0,251000
120,4,2,97,1.8,Riverside,0,281000
66,1,1,9,2.5,Central,1,244000
112,3,1,27,11.1,Riverside,1,320000
118,4,3,67,8.6,Industrial,1,215000
77,1,1,61,3.9,Hillside,0,196000
113,4,1,47,3.6,Suburbs,1,241000
113,3,2,50,8.1,Suburbs,1,254000
77,3,1,40,7.0,Suburbs,0,194000
59,2,1,45,5.3,Central,0,189000
57,2,1,18,8.8,Industrial,1,126000
98,3,1,44,2.3,Riverside,0,244000
105,3,2,18,3.0,Suburbs,0,290000
70,3,1,65,9.1,Suburbs,0,133000
96,3,2,18,7.4,Suburbs,1,260000
113,4,2,45,6.1,Industrial,1,214000
115,3,2,21,20.7,Central,1,334000
145,5,3,4,10.1,Hillside,1,403000
136,5,2,93,4.0,Hillside,0,297000
63,2,1,14,3.2,Hillside,0,193000
149,6,3,10,7.7,Central,1,472000
78,2,1,3,12.9,Central,1,273000
128,3,1,18,1.2,Riverside,0,369000
97,2,1,17,7.3,Riverside,1,295000
82,3,1,69,4.6,Hillside,0,187000
37,1,1,41,6.8,Suburbs,1,107000
90,3,2,6,1.7,Suburbs,0,210000
45,1,1,15,12.9,Hillside,1,133000
126,4,2,27,15.2,Hillside,1,291000
144,4,3,78,9.5,Riverside,1,358000
69,3,2,2,17.2,Suburbs,1,165000
105,5,3,13,4.4,Riverside,0,337000
72,2,1,7,7.2,Central,1,245000
75,3,2,24,9.6,Hillside,1,209000
120,3,1,22,7.7,Hillside,1,275000
94,2,1,39,4.9,Riverside,0,322000
151,4,2,21,5.3,Suburbs,1,384000
80,2,1,27,14.3,Suburbs,1,175000
127,3,1,24,5.9,Suburbs,0,296000
98,4,2,4,12.4,Suburbs,0,176000
120,4,2,8,5.6,Suburbs,1,233000
81,3,3,10,12.4,Riverside,1,249000
93,3,1,120,6.3,Suburbs,1,163000
91,3,1,3,9.1,Hillside,1,236000
68,3,2,5,3.5,Hillside,0,207000
116,4,3,1,7.2,Suburbs,0,302000
116,4,2,21,3.6,Hillside,1,295000
114,3,2,42,4.4,Hillside,0,301000
144,4,1,39,4.6,Suburbs,0,297000
141,4,2,24,5.2,Suburbs,0,320000
83,1,1,24,11.4,Industrial,1,146000
107,3,1,18,4.2,Hillside,0,309000
75,2,1,22,6.6,Hillside,1,206000
96,2,1,34,12.4,Suburbs,1,236000
76,2,1,120,8.9,Riverside,1,177000
147,5,2,69,1.2,Suburbs,0,339000
107,2,1,52,1.6,Hillside,1,285000
88,2,1,71,7.8,Central,1,264000
133,4,2,4,4.1,Central,0,487000
28,1,1,52,1.4,Suburbs,1,91000
31,1,1,76,3.8,Central,0,85000
120,4,2,2,8.1,Riverside,1,274000
97,4,2,11,4.6,Riverside,0,334000
103,4,2,42,6.2,Riverside,1,344000
53,2,1,9,4.9,Riverside,1,218000
94,3,2,10,3.4,Suburbs,0,231000
159,5,2,45,7.1,Central,1,440000
121,4,2,44,1.3,Suburbs,1,287000
100,3,1,3,3.1,Suburbs,0,234000
81,3,2,15,10.1,Hillside,1,206000
82,3,1,15,1.7,Riverside,1,316000
28,1,1,4,6.0,Suburbs,0,93000
103,3,1,10,4.3,Central,1,382000
122,4,2,1,4.0,Hillside,0,332000
45,2,1,10,10.7,Industrial,1,91000
74,2,1,18,12.1,Industrial,1,161000
58,1,1,12,2.5,Suburbs,0,145000
64,3,2,46,5.3,Riverside,0,191000
97,3,1,47,0.9,Suburbs,0,228000
28,1,1,25,10.3,Suburbs,0,66000
115,3,2,11,5.7,Hillside,0,306000
119,4,2,1,1.6,Suburbs,0,260000
87,3,1,4,3.2,Central,1,359000
28,1,1,44,2.3,Riverside,0,94000
63,3,2,2,3.0,Hillside,1,234000
134,4,2,1,1.0,Riverside,0,419000
28,1,1,15,14.2,Riverside,1,100000
84,3,2,56,2.6,Suburbs,0,178000
57,2,1,34,6.0,Industrial,0,113000
121,4,3,52,8.0,Suburbs,1,259000
73,3,1,13,12.2,Suburbs,1,161000
108,3,1,19,6.1,Industrial,1,204000
113,4,2,16,4.9,Central,0,389000
154,5,3,35,6.3,Hillside,1,344000
89,3,2,16,2.5,Hillside,1,266000
107,3,2,39,2.6,Central,0,393000
47,2,1,15,4.8,Suburbs,0,112000
133,5,3,12,0.7,Hillside,0,377000
71,3,1,22,3.5,Hillside,0,193000
77,2,1,7,4.1,Riverside,0,232000
94,2,1,120,18.9,Riverside,1,177000
45,1,1,21,13.2,Industrial,1,97000
102,3,1,24,8.0,Central,1,365000
126,4,2,23,10.5,Riverside,0,302000
104,5,3,1,2.6,Riverside,0,335000
44,1,1,26,6.4,Hillside,1,121000
91,3,1,40,9.6,Suburbs,1,217000
119,4,2,21,2.6,Hillside,0,319000
35,1,1,26,1.6,Central,1,143000
61,3,2,22,7.4,Riverside,0,191000
123,4,2,46,1.8,Suburbs,1,268000
104,3,2,14,8.5,Suburbs,1,227000
108,3,1,11,12.0,Suburbs,1,202000
155,5,1,17,2.7,Suburbs,0,310000
110,4,1,23,2.9,Suburbs,0,279000
116,4,3,18,11.8,Central,1,357000
182,6,3,19,6.1,Hillside,0,476000
88,4,2,26,10.8,Hillside,1,217000
69,2,2,1,4.9,Riverside,1,261000
109,3,2,113,5.2,Suburbs,0,193000
109,5,3,18,6.0,Hillside,1,316000
78,3,1,23,16.5,Suburbs,1,164000
62,2,1,46,10.2,Suburbs,1,179000
169,5,3,17,3.4,Hillside,1,494000
105,3,2,30,6.8,Industrial,1,197000
72,3,2,104,4.7,Suburbs,1,185000
124,4,2,25,4.0,Suburbs,0,343000
92,3,2,52,8.3,Riverside,1,231000
87,3,1,36,7.2,Hillside,1,210000
113,4,2,18,2.7,Hillside,0,302000
54,1,1,21,6.0,Central,1,196000
106,3,1,6,3.9,Hillside,0,270000
156,5,2,25,8.0,Industrial,1,248000
110,4,2,19,3.8,Suburbs,0,294000
83,3,2,15,5.2,Riverside,0,226000
79,2,1,6,4.1,Riverside,0,236000
82,3,2,19,1.2,Riverside,0,295000
87,2,2,68,15.9,Central,1,252000
83,2,1,6,6.0,Industrial,0,139000
124,3,1,22,16.3,Hillside,1,239000
40,2,1,9,6.2,Riverside,0,125000
123,4,2,12,9.4,Suburbs,0,246000
83,3,2,1,3.6,Central,0,314000
107,4,1,60,3.6,Riverside,1,270000
59,4,3,4,5.7,Suburbs,0,182000
138,3,1,22,16.2,Suburbs,0,244000
135,4,3,23,2.8,Industrial,0,270000
126,4,2,29,0.9,Suburbs,1,362000
47,1,1,5,11.6,Hillside,0,116000
122,3,1,47,9.7,Suburbs,1,233000
108,3,1,13,4.3,Industrial,0,184000
44,1,1,17,20.3,Suburbs,1,102000
94,3,2,5,20.8,Industrial,1,163000
107,3,2,6,1.1,Suburbs,0,250000
113,4,2,2,3.5,Suburbs,1,243000
101,3,1,0,5.7,Central,0,323000
104,4,2,59,7.8,Suburbs,0,224000
142,4,3,1,7.0,Hillside,1,397000
134,5,2,18,6.0,Suburbs,0,330000
28,1,1,71,2.5,Suburbs,1,108000
85,2,1,19,8.5,Industrial,0,155000
90,2,1,5,8.8,Industrial,0,176000
39,1,1,74,11.1,Riverside,1,130000
98,3,1,38,2.2,Suburbs,0,256000
135,4,2,1,5.1,Suburbs,0,368000
60,2,2,45,4.1,Riverside,0,207000
106,5,3,36,2.1,Central,0,407000
66,2,2,55,5.0,Central,0,222000
73,3,2,32,2.6,Suburbs,0,183000
142,4,3,7,1.8,Hillside,1,409000
78,2,1,32,9.8,Industrial,1,156000
110,3,2,38,4.3,Hillside,0,266000
35,1,1,49,3.4,Industrial,1,89000
155,4,2,15,12.9,Hillside,1,294000
114,3,1,17,9.0,Suburbs,1,292000
89,3,2,23,0.8,Central,0,324000
113,3,2,21,7.9,Suburbs,1,276000
50,1,1,17,7.8,Suburbs,1,153000
133,4,2,10,4.8,Industrial,1,271000
85,3,2,5,4.7,Suburbs,0,240000
88,3,2,32,1.4,Central,0,285000
79,3,1,46,20.1,Hillside,1,211000
76,3,1,22,5.0,Central,0,282000
117,3,1,20,7.6,Central,1,388000
103,3,1,82,5.2,Suburbs,0,228000
116,4,2,35,3.4,Suburbs,0,239000
95,3,1,19,10.3,Suburbs,1,205000
111,3,2,16,6.6,Suburbs,1,306000
82,3,2,14,5.0,Suburbs,0,170000
166,6,3,25,7.5,Suburbs,0,376000
45,2,1,25,5.6,Central,0,166000
135,5,3,47,17.0,Riverside,0,380000
139,4,2,7,10.1,Suburbs,1,268000
68,2,1,49,8.4,Suburbs,1,184000
166,5,2,34,1.5,Central,0,529000
127,4,2,13,8.6,Hillside,0,300000
126,4,2,9,8.4,Suburbs,1,262000
96,2,1,34,2.6,Central,0,292000
88,3,1,22,1.5,Hillside,0,247000
88,2,2,5,9.8,Suburbs,0,181000
107,3,2,18,10.7,Suburbs,0,243000
140,4,2,37,3.7,Riverside,0,375000
101,2,1,36,3.5,Suburbs,0,198000
66,2,1,25,6.5,Riverside,1,199000
121,4,2,35,4.2,Suburbs,0,280000
124,4,1,28,1.5,Riverside,0,354000
116,5,2,25,2.6,Suburbs,0,274000
119,4,2,9,7.4,Hillside,1,342000
86,3,1,38,2.7,Riverside,0,276000
65,1,1,21,11.0,Suburbs,1,150000
67,1,1,44,8.3,Riverside,1,181000
43,2,1,34,7.6,Central,1,164000
103,3,2,1,6.4,Riverside,1,342000
92,2,1,18,3.3,Suburbs,0,185000
81,3,2,14,9.1,Suburbs,1,189000
28,1,1,10,3.2,Industrial,0,61000
55,1,1,25,11.4,Riverside,1,165000
131,4,2,9,15.3,Hillside,1,287000
74,3,2,5,6.6,Central,1,301000
107,3,1,5,14.0,Suburbs,0,178000
50,1,1,6,2.6,Industrial,1,106000
141,5,2,24,8.4,Suburbs,0,286000
90,3,2,82,5.9,Suburbs,0,187000
104,3,1,12,9.9,Hillside,1,230000
169,4,2,51,0.9,Industrial,1,301000
144,4,2,6,9.6,Hillside,1,352000
85,3,2,12,3.5,Central,0,298000
76,3,2,50,6.1,Hillside,1,219000
85,2,1,35,19.9,Central,1,219000
111,3,1,36,8.6,Riverside,1,348000
92,3,1,44,7.8,Central,0,290000
82,1,1,83,7.4,Hillside,1,185000
142,5,2,32,12.2,Suburbs,0,277000
91,2,1,4,10.2,Riverside,1,268000
169,5,2,46,7.5,Hillside,0,430000
98,3,1,41,6.8,Industrial,1,171000
152,5,2,48,6.5,Suburbs,1,353000
106,4,2,10,5.6,Hillside,0,283000
126,3,2,23,2.1,Riverside,1,457000
72,2,1,2,8.5,Suburbs,1,200000
68,2,2,10,3.8,Riverside,0,228000
110,3,2,17,5.1,Riverside,0,318000
127,4,2,13,10.6,Industrial,1,244000
96,3,2,47,5.7,Hillside,0,239000
54,2,1,13,5.4,Suburbs,0,151000
51,1,1,120,6.6,Suburbs,0,101000
49,1,1,11,4.7,Suburbs,1,134000
38,1,1,21,19.6,Riverside,1,110000
99,3,2,2,17.9,Riverside,0,222000
131,3,2,25,17.6,Riverside,1,339000
95,3,1,14,7.4,Riverside,1,262000
28,1,1,109,3.6,Suburbs,1,93000
89,3,2,20,10.8,Riverside,1,236000
90,1,1,2,4.7,Suburbs,1,228000
162,4,2,3,11.4,Suburbs,1,383000
48,3,1,2,3.5,Suburbs,0,101000
82,2,1,11,7.8,Hillside,1,268000
150,3,2,10,12.5,Hillside,1,345000
109,4,2,99,4.9,Industrial,1,199000
113,4,2,6,4.9,Suburbs,1,299000
99,4,2,31,1.7,Suburbs,0,256000
106,3,1,15,3.6,Industrial,0,197000
120,4,2,32,7.3,Suburbs,0,282000
69,2,1,10,8.1,Riverside,1,226000
123,4,2,2,8.9,Suburbs,1,337000
51,3,1,7,1.1,Central,0,206000
106,4,2,12,4.7,Suburbs,1,320000
101,2,1,63,1.9,Industrial,0,188000
75,3,2,35,7.1,Hillside,1,184000
94,4,2,7,1.4,Hillside,0,346000
75,3,2,17,2.4,Central,0,266000
61,2,1,11,10.1,Industrial,1,145000
84,3,2,1,3.9,Central,0,310000
60,2,1,5,14.1,Central,1,221000
105,5,3,37,9.1,Riverside,1,297000
58,1,1,26,4.9,Central,1,230000
118,3,2,14,11.1,Hillside,1,292000
57,2,1,31,5.2,Hillside,0,174000
77,2,1,51,9.7,Riverside,1,224000
75,2,1,49,3.5,Central,0,268000
137,3,2,4,11.5,Central,1,358000
106,3,2,72,1.5,Hillside,1,286000
88,3,1,5,2.4,Central,0,326000
111,3,2,38,2.7,Suburbs,0,262000
28,2,1,3,3.7,Riverside,0,108000
94,3,2,7,7.5,Riverside,1,287000
159,6,2,39,5.9,Hillside,0,382000
99,3,1,9,9.8,Hillside,0,262000
97,4,2,9,12.6,Central,1,259000
113,4,2,77,1.3,Central,0,385000
124,5,3,5,13.6,Suburbs,0,257000
31,1,1,27,5.1,Central,0,107000
41,2,1,52,17.4,Hillside,0,94000
102,3,2,26,3.3,Hillside,1,328000
72,2,1,15,1.0,Riverside,1,272000
137,5,2,1,9.1,Hillside,1,351000
85,4,2,33,8.8,Suburbs,1,224000
33,1,1,33,2.4,Suburbs,0,95000
54,2,1,25,2.6,Riverside,0,169000
28,2,1,24,10.2,Riverside,1,99000
88,3,2,35,7.8,Riverside,1,253000
89,3,2,5,4.8,Hillside,0,268000
81,1,1,13,8.3,Suburbs,1,192000
130,4,2,63,7.2,Riverside,1,322000
133,3,1,2,2.9,Riverside,0,340000
90,4,2,88,10.7,Industrial,1,175000
28,1,1,42,9.4,Central,1,110000
115,4,2,12,6.0,Hillside,0,309000
113,3,2,19,10.2,Suburbs,1,288000
105,2,1,36,18.8,Riverside,1,220000
126,4,2,2,2.6,Central,0,449000
58,2,1,22,4.9,Central,0,198000
159,5,2,28,5.1,Industrial,1,305000
64,2,1,48,10.1,Central,1,235000
119,5,3,53,3.7,Riverside,0,310000
41,2,1,84,9.7,Central,1,149000
65,3,2,22,4.1,Central,0,263000
144,5,3,57,2.4,Suburbs,0,321000
87,4,2,9,6.3,Riverside,0,262000
122,4,3,23,4.0,Suburbs,0,305000
103,2,1,30,6.8,Suburbs,1,241000
92,3,2,17,7.9,Suburbs,0,221000
139,5,2,26,1.5,Central,0,506000
87,2,1,69,4.4,Suburbs,1,181000
38,1,1,31,6.3,Suburbs,1,121000
69,2,1,20,10.3,Riverside,0,208000
113,4,3,65,9.5,Suburbs,1,260000
108,4,2,71,3.1,Suburbs,1,222000
45,2,1,25,5.3,Riverside,0,138000
72,3,1,19,8.2,Industrial,0,129000
76,2,1,50,5.0,Hillside,0,169000
83,3,1,80,3.3,Suburbs,0,167000
51,1,1,16,5.8,Industrial,0,87000
75,1,1,18,7.7,Hillside,0,198000
72,2,2,52,2.9,Suburbs,0,178000
120,4,2,20,8.8,Riverside,1,299000
121,5,2,21,6.6,Suburbs,1,295000
90,4,2,32,9.0,Suburbs,1,215000
82,4,2,4,5.7,Riverside,0,269000
99,2,1,26,17.0,Hillside,1,213000
69,2,1,3,7.6,Riverside,1,204000
58,2,1,2,9.7,Central,0,179000
65,4,2,44,8.8,Central,1,221000
75,3,2,24,5.2,Riverside,0,232000
58,2,1,1,7.1,Central,1,222000
100,3,1,24,3.8,Riverside,0,284000
118,3,1,28,16.3,Suburbs,1,217000
44,2,1,6,8.2,Suburbs,1,120000
