Season,Date,HomeTeam,AwayTeam,FTHG,FTAG,FTR,AvgH,AvgD,AvgA,LamH,LamA,pH,pD,pA
2023-24,2023-08-12,Castleton United,Lakeside Rangers,0,3,A,2.48,3.59,2.71,1.6491,0.9074,0.5484523889,0.2450287262,0.2065188849
2023-24,2023-08-12,Dunmore Athletic,Glenwood Wanderers,3,1,H,2.38,3.79,2.68,1.0847,1.6524,0.2494500907,0.2444418787,0.5061080306
2023-24,2023-08-12,Kingsport United,Westfield Wanderers,2,3,A,2.46,3.34,2.82,1.6608,0.9334,0.5448351235,0.2439220278,0.2112428487
2023-24,2023-08-12,Oakvale Rovers,Fairhaven FC,1,0,H,1.62,4.59,4.64,1.7789,1.2323,0.5021857481,0.2328711619,0.26494309
2023-24,2023-08-12,Queensbury FC,Harrowgate Albion,2,1,H,2.55,3.76,2.57,1.2447,1.6879,0.282508257,0.2396039681,0.4778877749
2023-24,2023-08-12,Riverside United,Millbrook City,3,3,D,1.98,3.9,3.46,1.9266,1.2239,0.5376568363,0.2214849865,0.2408581772
2023-24,2023-08-12,Stonebridge City,Portwell Town,2,2,D,2.45,3.87,2.63,1.3275,1.778,0.2872344593,0.2319709263,0.4807946144
2023-24,2023-08-12,Thornbury Athletic,Eastbrook Town,1,1,D,1.6,4.04,5.29,1.4763,0.7563,0.5434133687,0.2648658334,0.1917207979
2023-24,2023-08-13,Bramley Rovers,Ashford City,2,5,A,3.0,3.99,2.09,2.8483,1.4087,0.6728631011,0.1609793859,0.166157513
2023-24,2023-08-13,Ironbridge Town,Northgate Athletic,3,2,H,2.01,3.36,3.77,1.9201,1.1042,0.56377112,0.2209476047,0.2152812753
2023-24,2023-08-19,Castleton United,Westfield Wanderers,1,1,D,2.23,3.62,3.08,1.2671,0.7403,0.489301625,0.2931678032,0.2175305718
2023-24,2023-08-19,Dunmore Athletic,Portwell Town,2,1,H,2.71,3.59,2.43,1.1512,1.3773,0.3134073784,0.2661746007,0.420418021
2023-24,2023-08-19,Harrowgate Albion,Millbrook City,3,1,H,1.81,3.9,3.99,2.5426,0.9219,0.7244460884,0.1606215031,0.1149324085
2023-24,2023-08-19,Kingsport United,Queensbury FC,0,2,A,2.38,3.53,2.84,1.587,1.3236,0.4361028123,0.2448796129,0.3190175748
2023-24,2023-08-19,Oakvale Rovers,Northgate Athletic,2,0,H,1.72,3.78,4.62,1.5778,0.7591,0.5688892621,0.2519820212,0.1791287168
2023-24,2023-08-19,Riverside United,Eastbrook Town,1,2,A,1.57,4.18,5.89,2.3258,0.8221,0.710617498,0.1737224982,0.1156600038
2023-24,2023-08-19,Stonebridge City,Lakeside Rangers,3,0,H,2.08,3.95,3.2,1.8801,1.3583,0.4973960135,0.2247176385,0.277886348
2023-24,2023-08-19,Thornbury Athletic,Fairhaven FC,1,1,D,1.9,3.96,3.66,1.1758,1.481,0.3009154744,0.2570598856,0.4420246399
2023-24,2023-08-20,Bramley Rovers,Glenwood Wanderers,1,3,A,2.76,3.78,2.33,1.7539,1.5505,0.4283258462,0.2288835141,0.3427906397
2023-24,2023-08-20,Ironbridge Town,Ashford City,1,2,A,2.28,4.06,2.76,2.7208,1.8339,0.5679965973,0.178705886,0.2532975167
2023-24,2023-08-26,Bramley Rovers,Portwell Town,3,0,H,2.72,3.6,2.44,1.8615,1.2924,0.5076988096,0.2263918346,0.2659093558
2023-24,2023-08-26,Castleton United,Kingsport United,2,0,H,2.14,3.62,3.15,1.5702,1.3196,0.4328428174,0.246101569,0.3210556136
2023-24,2023-08-26,Dunmore Athletic,Lakeside Rangers,1,2,A,2.26,3.67,2.88,1.6304,1.0522,0.5084047785,0.246706317,0.2448889045
2023-24,2023-08-26,Harrowgate Albion,Eastbrook Town,1,1,D,1.55,4.13,5.68,3.0693,0.6193,0.8532899927,0.1005470809,0.0461629264
2023-24,2023-08-26,Queensbury FC,Millbrook City,3,1,H,2.25,3.58,3.1,1.5375,0.9352,0.5135165219,0.2568821278,0.2296013503
2023-24,2023-08-26,Riverside United,Fairhaven FC,6,2,H,2.07,3.88,3.18,1.8523,1.6099,0.4385779195,0.2225622012,0.3388598793
2023-24,2023-08-26,Stonebridge City,Westfield Wanderers,1,1,D,2.04,3.86,3.28,1.4446,1.1082,0.4479458682,0.2622209732,0.2898331586
2023-24,2023-08-26,Thornbury Athletic,Northgate Athletic,2,3,A,2.08,3.52,3.39,1.0429,0.9123,0.3785710828,0.3118213609,0.3096075563
2023-24,2023-08-27,Ironbridge Town,Glenwood Wanderers,1,2,A,2.35,3.9,2.74,1.6754,2.0184,0.3249652429,0.2133360276,0.4616987295
2023-24,2023-08-27,Oakvale Rovers,Ashford City,1,2,A,1.92,4.16,3.34,2.2358,1.2608,0.5942615718,0.1984917097,0.2072467185
2023-24,2023-09-02,Bramley Rovers,Lakeside Rangers,1,0,H,2.35,3.73,2.75,2.4517,1.2061,0.6471710694,0.1808141385,0.1720147921
2023-24,2023-09-02,Castleton United,Queensbury FC,1,3,A,2.16,3.43,3.34,1.0063,1.1865,0.3094813974,0.290326859,0.4001917436
2023-24,2023-09-02,Dunmore Athletic,Westfield Wanderers,1,0,H,2.15,3.57,3.13,1.3231,0.9489,0.4526453982,0.2793225739,0.2680320278
2023-24,2023-09-02,Harrowgate Albion,Fairhaven FC,2,1,H,1.72,4.47,3.87,2.5315,1.1878,0.6652423791,0.1742094568,0.1605481641
2023-24,2023-09-02,Millbrook City,Eastbrook Town,1,0,H,1.77,3.65,4.77,1.5969,0.9221,0.531850278,0.250630602,0.21751912
2023-24,2023-09-02,Riverside United,Northgate Athletic,0,0,D,1.98,3.59,3.72,1.998,1.2394,0.5497670458,0.2160959393,0.2341370149
2023-24,2023-09-02,Stonebridge City,Kingsport United,1,0,H,2.36,3.72,2.8,1.9976,1.7432,0.4439187134,0.2131681431,0.3429131435
2023-24,2023-09-02,Thornbury Athletic,Ashford City,2,0,H,2.23,4.31,2.69,1.3191,1.8341,0.2762833888,0.2281758953,0.4955407158
2023-24,2023-09-03,Ironbridge Town,Portwell Town,1,0,H,2.45,3.81,2.61,1.8554,1.5962,0.4420129296,0.2227087882,0.3352782822
2023-24,2023-09-03,Oakvale Rovers,Glenwood Wanderers,3,4,A,1.68,4.36,4.46,1.2933,1.3003,0.3662104415,0.2642932769,0.3694962816
2023-24,2023-09-09,Bramley Rovers,Westfield Wanderers,3,1,H,2.69,3.55,2.51,1.9576,1.0161,0.592805596,0.216022526,0.191171878
2023-24,2023-09-09,Dunmore Athletic,Kingsport United,2,0,H,2.15,3.53,3.2,1.809,1.4008,0.4720860514,0.2288992878,0.2990146608
2023-24,2023-09-09,Harrowgate Albion,Northgate Athletic,0,0,D,1.72,3.9,4.56,2.2229,0.8703,0.6808789483,0.1858620965,0.1332589552
2023-24,2023-09-09,Ironbridge Town,Lakeside Rangers,2,0,H,2.53,3.62,2.58,2.2729,1.396,0.572282845,0.1983731736,0.2293439814
2023-24,2023-09-09,Millbrook City,Fairhaven FC,5,1,H,2.03,3.87,3.3,1.5997,1.5508,0.3923886164,0.2362659058,0.3713454778
2023-24,2023-09-09,Queensbury FC,Eastbrook Town,0,1,A,1.79,3.53,4.56,1.7686,0.6286,0.6492225235,0.223942946,0.1268345305
2023-24,2023-09-09,Riverside United,Ashford City,0,1,A,2.2,4.09,2.87,2.3095,2.0854,0.443447382,0.1957130048,0.3608396132
2023-24,2023-09-09,Stonebridge City,Castleton United,1,2,A,2.25,3.71,2.89,1.4877,1.3485,0.406224068,0.2502572457,0.3435186863
2023-24,2023-09-10,Oakvale Rovers,Portwell Town,5,0,H,1.75,4.03,4.12,1.4876,1.0097,0.4823658228,0.2608822295,0.2567519477
2023-24,2023-09-10,Thornbury Athletic,Glenwood Wanderers,0,0,D,2.35,3.78,2.68,0.9194,1.791,0.1905532228,0.2302668688,0.5791799083
2023-24,2023-09-16,Bramley Rovers,Kingsport United,1,1,D,2.47,3.72,2.6,2.6766,1.5,0.625833949,0.1746269754,0.1995390757
2023-24,2023-09-16,Dunmore Athletic,Castleton United,2,1,H,2.33,3.7,2.76,1.3472,1.0837,0.4275865231,0.2715803558,0.3008331211
2023-24,2023-09-16,Eastbrook Town,Fairhaven FC,0,0,D,2.97,3.2,2.52,1.0928,1.5161,0.2735230101,0.2564289403,0.4700480496
2023-24,2023-09-16,Harrowgate Albion,Ashford City,4,2,H,2.12,4.33,2.88,2.5694,1.4643,0.6140621242,0.1804076851,0.2055301908
2023-24,2023-09-16,Ironbridge Town,Westfield Wanderers,0,0,D,1.76,3.87,4.26,1.8148,1.1761,0.5233194955,0.2302432121,0.2464372923
2023-24,2023-09-16,Millbrook City,Northgate Athletic,0,0,D,2.35,3.09,3.18,1.4047,1.1362,0.4310471881,0.2645770791,0.3043757328
2023-24,2023-09-16,Riverside United,Glenwood Wanderers,1,4,A,2.52,3.97,2.52,1.6097,2.0365,0.3080146553,0.2132273403,0.4787580044
2023-24,2023-09-16,Stonebridge City,Queensbury FC,3,2,H,1.94,3.82,3.62,1.2777,1.6527,0.2963603508,0.2415594843,0.4620801648
2023-24,2023-09-17,Oakvale Rovers,Lakeside Rangers,2,0,H,1.56,4.64,5.16,1.8222,0.883,0.5953635134,0.2262654274,0.1783710592
2023-24,2023-09-17,Thornbury Athletic,Portwell Town,2,0,H,2.2,3.8,3.01,1.0575,1.3908,0.2859016927,0.2687057928,0.4453925145
2023-24,2023-09-23,Bramley Rovers,Castleton United,2,0,H,2.93,3.69,2.23,1.9934,1.1604,0.566733459,0.2155524722,0.2177140689
2023-24,2023-09-23,Dunmore Athletic,Stonebridge City,0,1,A,1.96,4.01,3.5,1.8766,1.376,0.492752761,0.2248177212,0.2824295177
2023-24,2023-09-23,Eastbrook Town,Northgate Athletic,1,0,H,2.95,2.81,2.81,0.9596,1.1108,0.3105367241,0.3009530666,0.3885102093
2023-24,2023-09-23,Harrowgate Albion,Glenwood Wanderers,1,0,H,2.14,4.09,2.99,1.7909,1.43,0.4617201599,0.2295423463,0.3087374937
2023-24,2023-09-23,Ironbridge Town,Kingsport United,1,0,H,2.21,3.65,3.08,2.4814,1.7362,0.5429260154,0.1898485406,0.267225444
2023-24,2023-09-23,Millbrook City,Ashford City,2,3,A,2.7,3.94,2.37,1.6237,1.9118,0.3316668829,0.2193734479,0.4489596691
2023-24,2023-09-23,Oakvale Rovers,Westfield Wanderers,2,0,H,1.65,4.28,4.8,1.455,0.7439,0.5410172216,0.2676582859,0.1913244925
2023-24,2023-09-23,Queensbury FC,Fairhaven FC,1,1,D,2.16,3.59,3.14,1.7717,1.0571,0.5411776191,0.2336953711,0.2251270099
2023-24,2023-09-24,Riverside United,Portwell Town,1,1,D,2.49,3.65,2.63,1.8515,1.5814,0.4441391935,0.2232210332,0.3326397733
2023-24,2023-09-24,Thornbury Athletic,Lakeside Rangers,1,1,D,2.36,3.75,2.73,1.2955,1.2163,0.3842981755,0.2690437408,0.3466580837
2023-24,2023-09-30,Bramley Rovers,Stonebridge City,2,3,A,2.42,3.91,2.54,2.7766,1.4734,0.6482497969,0.1676716183,0.1840785848
2023-24,2023-09-30,Dunmore Athletic,Queensbury FC,0,1,A,2.39,3.38,2.97,1.1571,1.3281,0.3243078748,0.2697792916,0.4059128336
2023-24,2023-09-30,Eastbrook Town,Ashford City,0,3,A,3.59,3.62,1.96,1.1092,1.869,0.2233959325,0.2254133907,0.5511906768
2023-24,2023-09-30,Fairhaven FC,Northgate Athletic,1,0,H,2.15,3.5,3.21,1.6139,1.1127,0.4900391169,0.2475202223,0.2624406608
2023-24,2023-09-30,Harrowgate Albion,Portwell Town,1,0,H,2.14,3.91,3.11,2.0599,1.1104,0.5923713805,0.2091123176,0.1985163019
2023-24,2023-09-30,Ironbridge Town,Castleton United,1,1,D,2.42,3.67,2.72,1.8479,1.3431,0.4934508282,0.227016789,0.2795323828
2023-24,2023-09-30,Millbrook City,Glenwood Wanderers,4,1,H,3.15,3.71,2.17,1.1317,1.867,0.2287539609,0.2257662628,0.5454797764
2023-24,2023-09-30,Oakvale Rovers,Kingsport United,1,0,H,1.87,3.87,3.81,1.9894,1.0982,0.5802683927,0.2148747152,0.2048568921
2023-24,2023-10-01,Riverside United,Lakeside Rangers,4,1,H,1.88,3.94,3.82,1.9345,1.2214,0.5399442346,0.2208622524,0.239193513
2023-24,2023-10-01,Thornbury Athletic,Westfield Wanderers,0,1,A,2.43,3.6,2.66,1.0933,0.8019,0.420728178,0.3138914943,0.2653803276
2023-24,2023-10-07,Bramley Rovers,Dunmore Athletic,1,2,A,2.42,3.74,2.64,1.9906,1.215,0.5536669543,0.2164393535,0.2298936923
2023-24,2023-10-07,Eastbrook Town,Glenwood Wanderers,0,3,A,3.41,3.5,2.13,0.7804,1.7478,0.1636854225,0.2319004527,0.6044141248
2023-24,2023-10-07,Fairhaven FC,Ashford City,2,2,D,2.92,4.09,2.11,1.7889,1.959,0.3593243542,0.2138202327,0.4268554131
2023-24,2023-10-07,Ironbridge Town,Stonebridge City,3,3,D,1.94,3.98,3.38,2.223,1.5562,0.5285705961,0.2030141932,0.2684152107
2023-24,2023-10-07,Millbrook City,Portwell Town,1,3,A,2.61,3.53,2.57,1.6924,1.1855,0.492385231,0.2400589436,0.2675558254
2023-24,2023-10-07,Oakvale Rovers,Castleton United,3,0,H,1.78,3.97,4.06,1.9064,0.846,0.6232567043,0.2163366342,0.1604066615
2023-24,2023-10-07,Queensbury FC,Northgate Athletic,0,0,D,2.04,3.36,3.64,1.3203,0.6529,0.5282953671,0.287275829,0.1844288039
2023-24,2023-10-07,Thornbury Athletic,Kingsport United,1,0,H,2.63,3.8,2.48,1.3103,1.0725,0.4200373404,0.2753333568,0.3046293028
2023-24,2023-10-08,Harrowgate Albion,Lakeside Rangers,0,0,D,1.98,3.92,3.39,2.3265,0.7709,0.7226101224,0.1706106083,0.1067792693
2023-24,2023-10-08,Riverside United,Westfield Wanderers,3,1,H,2.02,3.7,3.49,1.6151,1.0452,0.5063200191,0.2481863892,0.2454935917
2023-24,2023-10-14,Bramley Rovers,Queensbury FC,2,2,D,2.72,3.59,2.4,1.7455,1.4204,0.4532695559,0.2324738164,0.3142566277
2023-24,2023-10-14,Eastbrook Town,Portwell Town,2,0,H,3.07,3.05,2.49,0.8612,1.0906,0.2843853569,0.3101854287,0.4054292144
2023-24,2023-10-14,Fairhaven FC,Glenwood Wanderers,2,3,A,3.08,3.97,2.07,1.3985,1.9271,0.2794891575,0.2213477725,0.49916307
2023-24,2023-10-14,Ironbridge Town,Dunmore Athletic,0,0,D,2.29,3.64,2.99,1.726,1.2213,0.4922298181,0.2370262507,0.2707439312
2023-24,2023-10-14,Millbrook City,Lakeside Rangers,3,0,H,2.04,3.85,3.33,1.8581,1.0874,0.5538623778,0.2261629178,0.2199747045
2023-24,2023-10-14,Northgate Athletic,Ashford City,5,4,H,3.87,3.95,1.85,1.1055,1.4093,0.2954068029,0.2653386057,0.4392545914
2023-24,2023-10-14,Oakvale Rovers,Stonebridge City,0,0,D,1.79,4.33,3.79,2.358,1.1397,0.6445243463,0.1856389278,0.1698367259
2023-24,2023-10-14,Thornbury Athletic,Castleton United,1,1,D,2.45,3.53,2.69,1.2017,1.018,0.4019057539,0.2881613017,0.3099329444
2023-24,2023-10-15,Harrowgate Albion,Westfield Wanderers,1,2,A,2.02,3.92,3.35,1.9424,0.6596,0.6782130026,0.2042109017,0.1175760958
2023-24,2023-10-15,Riverside United,Kingsport United,0,1,A,2.36,3.52,2.87,1.9356,1.3978,0.5012048003,0.2207976079,0.2779975919
2023-24,2023-10-21,Eastbrook Town,Lakeside Rangers,1,1,D,3.2,3.27,2.25,0.9455,1.0004,0.3287230082,0.3135011266,0.3577758652
2023-24,2023-10-21,Fairhaven FC,Portwell Town,0,2,A,2.42,3.59,2.81,1.5433,1.2025,0.4518654776,0.2514328438,0.2967016786
2023-24,2023-10-21,Ironbridge Town,Bramley Rovers,4,1,H,1.61,4.42,4.61,1.9784,1.8508,0.4192979395,0.2116230115,0.369079049
2023-24,2023-10-21,Northgate Athletic,Glenwood Wanderers,1,1,D,3.61,3.73,1.96,0.8643,1.3864,0.234081035,0.2747713729,0.4911475921
2023-24,2023-10-21,Oakvale Rovers,Dunmore Athletic,5,0,H,1.58,4.59,4.86,1.8308,0.8944,0.5944580071,0.22564084,0.179901153
2023-24,2023-10-21,Queensbury FC,Ashford City,3,0,H,2.65,3.85,2.39,1.8399,1.4374,0.4713205647,0.2264446163,0.302234819
2023-24,2023-10-21,Riverside United,Castleton United,2,4,A,2.08,3.83,3.22,1.7752,1.3268,0.4803193093,0.2321710813,0.2875096094
2023-24,2023-10-21,Thornbury Athletic,Stonebridge City,2,3,A,2.01,4.25,3.17,1.4864,1.3714,0.4011178468,0.2493890261,0.3494931271
2023-24,2023-10-22,Harrowgate Albion,Kingsport United,0,0,D,2.17,3.88,3.05,2.3278,0.8822,0.697139024,0.1768474844,0.1260134916
2023-24,2023-10-22,Millbrook City,Westfield Wanderers,0,1,A,2.18,3.67,3.06,1.5514,0.9304,0.5182405335,0.2554485702,0.2263108963
2023-24,2023-10-28,Ashford City,Glenwood Wanderers,3,1,H,2.04,4.03,3.16,1.9027,1.932,0.3883420906,0.2118213179,0.3998365914
2023-24,2023-10-28,Eastbrook Town,Westfield Wanderers,4,0,H,3.39,3.19,2.28,0.7894,0.856,0.3076328456,0.3470491667,0.3453179878
2023-24,2023-10-28,Fairhaven FC,Lakeside Rangers,1,1,D,2.05,3.75,3.29,1.6944,1.103,0.5119629885,0.2406056644,0.2474313471
2023-24,2023-10-28,Ironbridge Town,Queensbury FC,2,0,H,2.51,3.63,2.69,1.5135,1.4278,0.3962436407,0.2455089992,0.3582473601
2023-24,2023-10-28,Northgate Athletic,Portwell Town,0,0,D,2.49,3.36,2.87,0.9538,0.8651,0.3609534691,0.3263234016,0.3127231293
2023-24,2023-10-28,Oakvale Rovers,Bramley Rovers,2,0,H,1.44,5.0,5.92,2.0985,1.3553,0.545500634,0.2097694585,0.2447299075
2023-24,2023-10-28,Riverside United,Stonebridge City,2,2,D,1.8,4.13,3.85,2.1957,1.7874,0.4766033616,0.2037647661,0.3196318724
2023-24,2023-10-28,Thornbury Athletic,Dunmore Athletic,5,2,H,2.06,3.8,3.26,1.154,1.0763,0.3751177773,0.2886563088,0.3362259139
2023-24,2023-10-29,Harrowgate Albion,Castleton United,1,1,D,1.99,3.92,3.37,2.1349,0.8373,0.6720766931,0.192692221,0.1352310859
2023-24,2023-10-29,Millbrook City,Kingsport United,1,2,A,2.54,3.51,2.64,1.8592,1.2444,0.5179057163,0.2267041623,0.2553901214
2023-24,2023-11-04,Ashford City,Portwell Town,4,1,H,2.03,4.02,3.23,2.0942,1.3362,0.5487777193,0.2099080025,0.2413142782
2023-24,2023-11-04,Fairhaven FC,Westfield Wanderers,5,1,H,2.45,3.72,2.67,1.4075,1.0114,0.4607707984,0.2686502667,0.2705789349
2023-24,2023-11-04,Harrowgate Albion,Stonebridge City,0,0,D,1.78,4.37,3.82,2.1885,1.1633,0.6065980593,0.1998144754,0.1935874653
2023-24,2023-11-04,Northgate Athletic,Lakeside Rangers,2,1,H,2.37,3.49,2.93,1.1797,0.7066,0.4719832241,0.3069381759,0.2210786
2023-24,2023-11-04,Oakvale Rovers,Ironbridge Town,1,2,A,1.54,4.89,4.9,2.0458,0.9823,0.6194952989,0.2069641127,0.1735405884
2023-24,2023-11-04,Queensbury FC,Glenwood Wanderers,3,1,H,2.63,3.65,2.49,1.4374,1.3392,0.3955056634,0.2536831247,0.3508112119
2023-24,2023-11-04,Riverside United,Dunmore Athletic,0,0,D,2.3,3.6,2.88,2.0384,1.4552,0.5112672311,0.2140417334,0.2746910354
2023-24,2023-11-04,Thornbury Athletic,Bramley Rovers,3,0,H,1.87,4.27,3.4,1.6128,1.5947,0.3868919424,0.2339511673,0.3791568903
2023-24,2023-11-05,Eastbrook Town,Kingsport United,1,4,A,3.03,3.12,2.49,0.9702,1.0395,0.3282373594,0.3073521337,0.3644105069
2023-24,2023-11-05,Millbrook City,Castleton United,0,2,A,2.24,3.55,3.12,1.6247,1.3231,0.4454137841,0.2424090138,0.3121772021
2023-24,2023-11-11,Ashford City,Lakeside Rangers,4,0,H,1.77,4.48,3.88,2.4622,1.0985,0.6724023582,0.1758381901,0.1517594517
2023-24,2023-11-11,Fairhaven FC,Kingsport United,2,1,H,2.43,3.48,2.79,1.3868,1.2177,0.408281655,0.2625216423,0.3291967027
2023-24,2023-11-11,Glenwood Wanderers,Portwell Town,2,1,H,1.9,3.97,3.74,1.9678,0.9703,0.6059733036,0.2139330865,0.1800936099
2023-24,2023-11-11,Harrowgate Albion,Dunmore Athletic,2,1,H,2.03,3.93,3.14,2.0166,0.8593,0.6432021549,0.2054463501,0.151351495
2023-24,2023-11-11,Northgate Athletic,Westfield Wanderers,1,0,H,2.99,3.17,2.47,1.022,0.692,0.4254841719,0.331916413,0.2425994151
2023-24,2023-11-11,Oakvale Rovers,Queensbury FC,5,1,H,1.59,4.25,5.04,1.5784,0.8172,0.5538577125,0.2524437611,0.1936985264
2023-24,2023-11-11,Riverside United,Bramley Rovers,2,1,H,1.87,4.02,3.67,2.2261,2.0644,0.430789348,0.1987396978,0.3704709542
2023-24,2023-11-11,Thornbury Athletic,Ironbridge Town,3,1,H,1.89,4.14,3.59,1.3911,1.5144,0.3490379682,0.2469679655,0.4039940663
2023-24,2023-11-12,Eastbrook Town,Castleton United,1,1,D,2.99,3.39,2.36,1.0485,1.1407,0.3308774844,0.2917698927,0.3773526229
2023-24,2023-11-12,Millbrook City,Stonebridge City,2,3,A,2.16,3.78,2.99,1.9389,1.7476,0.430462667,0.2155757826,0.3539615504
2023-24,2023-11-18,Ashford City,Westfield Wanderers,4,4,D,1.9,4.04,3.48,2.1332,1.0757,0.6154576984,0.2019943785,0.1825479231
2023-24,2023-11-18,Glenwood Wanderers,Lakeside Rangers,3,1,H,1.82,4.07,3.77,2.3136,0.7977,0.7141593955,0.173431817,0.1124087875
2023-24,2023-11-18,Harrowgate Albion,Bramley Rovers,2,2,D,1.5,5.15,5.13,2.2023,1.219,0.5968520366,0.2000890301,0.2030589333
2023-24,2023-11-18,Millbrook City,Dunmore Athletic,0,1,A,2.58,3.5,2.6,1.7865,1.2909,0.4908451454,0.2317959528,0.2773589018
2023-24,2023-11-18,Northgate Athletic,Kingsport United,2,0,H,3.26,3.25,2.23,1.0071,0.8332,0.3856804694,0.3226981573,0.2916213733
2023-24,2023-11-18,Queensbury FC,Portwell Town,2,1,H,2.26,3.4,3.06,1.4308,0.8372,0.51016002,0.2699831001,0.21985688
2023-24,2023-11-18,Riverside United,Ironbridge Town,0,0,D,2.27,3.85,2.87,1.9201,1.9604,0.3868998203,0.2104290234,0.4026711563
2023-24,2023-11-18,Thornbury Athletic,Oakvale Rovers,2,1,H,2.98,4.13,2.11,0.9007,1.6033,0.2112516899,0.249940983,0.5388073271
2023-24,2023-11-19,Eastbrook Town,Stonebridge City,0,0,D,2.89,3.44,2.42,1.2512,1.5067,0.3155112151,0.2526490577,0.4318397272
2023-24,2023-11-19,Fairhaven FC,Castleton United,1,0,H,2.01,3.96,3.32,1.4987,1.3363,0.4115511901,0.2500744021,0.3383744078
2023-24,2023-11-25,Ashford City,Kingsport United,2,1,H,2.02,4.07,3.14,2.1019,1.2952,0.5593829126,0.2089342223,0.2316828651
2023-24,2023-11-25,Glenwood Wanderers,Westfield Wanderers,3,1,H,1.73,4.18,4.13,2.0044,0.7811,0.6600175606,0.203371491,0.1366109484
2023-24,2023-11-25,Harrowgate Albion,Ironbridge Town,3,1,H,2.1,3.86,3.19,1.8996,1.1576,0.5467982428,0.2232298356,0.2299719215
2023-24,2023-11-25,Millbrook City,Bramley Rovers,1,1,D,1.99,3.88,3.44,1.9511,1.8314,0.4171262859,0.2131002179,0.3697734961
2023-24,2023-11-25,Northgate Athletic,Castleton United,0,0,D,3.47,3.2,2.19,1.0883,0.9143,0.3921489374,0.3066446563,0.3012064064
2023-24,2023-11-25,Portwell Town,Lakeside Rangers,1,1,D,2.08,3.75,3.29,1.4463,0.7941,0.5254646299,0.2685479985,0.2059873716
2023-24,2023-11-25,Riverside United,Oakvale Rovers,1,2,A,3.5,4.02,1.96,1.2432,2.0755,0.224338127,0.210226686,0.565435187
2023-24,2023-11-25,Thornbury Athletic,Queensbury FC,3,1,H,2.16,3.77,3.09,1.0733,1.2598,0.3144218842,0.2797374121,0.4058407036
2023-24,2023-11-26,Eastbrook Town,Dunmore Athletic,0,0,D,3.08,3.25,2.4,1.1529,1.113,0.3668590643,0.2861548588,0.3469860769
2023-24,2023-11-26,Fairhaven FC,Stonebridge City,1,1,D,2.12,3.78,3.06,1.7885,1.7651,0.3943051572,0.2209165294,0.3847783135
2023-24,2023-12-02,Ashford City,Castleton United,4,1,H,1.86,4.15,3.67,2.3094,1.3531,0.5886655837,0.195129801,0.2162046153
2023-24,2023-12-02,Eastbrook Town,Bramley Rovers,4,0,H,2.38,3.39,2.87,1.1578,1.4397,0.3036761224,0.2609409905,0.4353828871
2023-24,2023-12-02,Glenwood Wanderers,Kingsport United,3,0,H,2.04,3.84,3.39,2.1582,1.0339,0.6301502002,0.1985240614,0.1713257385
2023-24,2023-12-02,Harrowgate Albion,Oakvale Rovers,1,4,A,2.61,4.01,2.37,1.3296,1.2356,0.3893298822,0.2656448564,0.3450252614
2023-24,2023-12-02,Millbrook City,Ironbridge Town,4,3,H,2.09,3.78,3.17,1.505,1.6618,0.3489185662,0.2349010526,0.4161803812
2023-24,2023-12-02,Portwell Town,Westfield Wanderers,1,1,D,2.18,3.7,3.15,1.4948,0.926,0.5047114117,0.261542068,0.2337465202
2023-24,2023-12-02,Queensbury FC,Lakeside Rangers,2,1,H,2.12,3.67,3.27,1.9381,0.8024,0.640947593,0.2113633269,0.1476890802
2023-24,2023-12-02,Riverside United,Thornbury Athletic,2,1,H,2.3,3.98,2.75,1.6099,1.4594,0.4131534737,0.2391414925,0.3477050338
2023-24,2023-12-03,Fairhaven FC,Dunmore Athletic,0,3,A,2.07,3.77,3.25,1.5709,1.0819,0.4865402428,0.2517706808,0.2616890764
2023-24,2023-12-03,Northgate Athletic,Stonebridge City,0,0,D,2.88,3.53,2.38,1.2147,1.0189,0.4054407951,0.286873514,0.3076856909
2023-24,2023-12-09,Ashford City,Stonebridge City,3,2,H,1.71,4.75,3.96,2.7301,1.7714,0.5816836315,0.1773392473,0.2409771212
2023-24,2023-12-09,Eastbrook Town,Ironbridge Town,1,2,A,3.08,3.31,2.38,0.9922,1.3993,0.2668237852,0.2700403754,0.4631358394
2023-24,2023-12-09,Glenwood Wanderers,Castleton United,1,2,A,1.74,4.15,4.02,2.0354,1.0077,0.6113253011,0.2086690328,0.1800056662
2023-24,2023-12-09,Harrowgate Albion,Thornbury Athletic,2,1,H,2.12,4.27,2.9,1.7272,0.9515,0.5563224832,0.2372271506,0.2064503662
2023-24,2023-12-09,Lakeside Rangers,Westfield Wanderers,3,2,H,2.12,3.74,3.06,1.2443,1.0764,0.4008015314,0.2809144403,0.3182840283
2023-24,2023-12-09,Millbrook City,Oakvale Rovers,1,2,A,3.61,3.93,1.9,1.0768,1.9059,0.2111198931,0.2218156859,0.567064421
2023-24,2023-12-09,Portwell Town,Kingsport United,2,0,H,2.25,3.32,3.26,1.3084,1.044,0.4260661091,0.2768183175,0.2971155734
2023-24,2023-12-09,Riverside United,Queensbury FC,0,0,D,2.05,3.82,3.33,1.5929,1.5399,0.392911778,0.2370089728,0.3700792492
2023-24,2023-12-10,Fairhaven FC,Bramley Rovers,1,1,D,1.81,3.95,3.88,1.9628,1.5854,0.4678358634,0.2173970801,0.3147670565
2023-24,2023-12-10,Northgate Athletic,Dunmore Athletic,1,0,H,3.53,3.56,2.06,1.0867,0.721,0.4390818486,0.3200330403,0.240885111
2023-24,2023-12-16,Eastbrook Town,Oakvale Rovers,2,2,D,4.98,3.96,1.68,0.7099,1.6047,0.1635212806,0.2477728867,0.5887058327
2023-24,2023-12-16,Fairhaven FC,Ironbridge Town,1,4,A,1.91,3.74,3.68,1.682,1.5408,0.4136732626,0.2327354809,0.3535912565
2023-24,2023-12-16,Glenwood Wanderers,Stonebridge City,3,2,H,1.74,4.33,3.95,2.4063,1.3192,0.6144796724,0.1875861052,0.1979342224
2023-24,2023-12-16,Harrowgate Albion,Riverside United,3,3,D,1.98,3.97,3.32,2.1875,0.9973,0.6444315955,0.1946329591,0.1609354454
2023-24,2023-12-16,Lakeside Rangers,Kingsport United,1,3,A,2.61,3.64,2.54,1.0892,1.2136,0.3279156144,0.2827859872,0.3892983984
2023-24,2023-12-16,Millbrook City,Thornbury Athletic,0,1,A,2.69,3.9,2.35,1.3987,1.4676,0.3599100331,0.2492542765,0.3908356904
2023-24,2023-12-16,Portwell Town,Castleton United,0,0,D,2.2,3.51,3.17,1.234,1.0176,0.4112770687,0.2851200601,0.3036028713
2023-24,2023-12-16,Queensbury FC,Westfield Wanderers,0,1,A,2.61,3.48,2.55,1.8654,0.8906,0.6031534,0.2219566384,0.1748899615
2023-24,2023-12-17,Ashford City,Dunmore Athletic,3,0,H,1.91,4.17,3.5,2.4423,1.2533,0.6352810885,0.1830893298,0.1816295817
2023-24,2023-12-17,Northgate Athletic,Bramley Rovers,3,1,H,2.32,3.68,2.85,1.3578,1.0565,0.4367178241,0.2717592487,0.2915229272
2023-24,2023-12-23,Eastbrook Town,Thornbury Athletic,0,2,A,3.24,3.6,2.14,0.9221,1.2358,0.2758458912,0.2898847161,0.4342693926
2023-24,2023-12-23,Fairhaven FC,Oakvale Rovers,3,1,H,2.83,3.69,2.29,1.2034,1.7671,0.2600446596,0.2339722052,0.5059831352
2023-24,2023-12-23,Glenwood Wanderers,Dunmore Athletic,3,1,H,1.85,3.98,3.94,2.1526,0.9334,0.6526012009,0.1952790981,0.152119701
2023-24,2023-12-23,Harrowgate Albion,Queensbury FC,1,0,H,1.76,3.99,4.15,1.7089,1.004,0.5391212685,0.2393751351,0.2215035964
2023-24,2023-12-23,Lakeside Rangers,Castleton United,1,1,D,2.29,3.68,2.95,1.0272,1.1828,0.3162818411,0.2893690652,0.3943490938
2023-24,2023-12-23,Millbrook City,Riverside United,0,1,A,2.29,3.68,2.88,1.7715,1.5382,0.434828837,0.2283017994,0.3368693636
2023-24,2023-12-23,Portwell Town,Stonebridge City,3,0,H,1.86,3.9,3.79,1.4588,1.3321,0.4024121666,0.2527020156,0.3448858178
2023-24,2023-12-23,Westfield Wanderers,Kingsport United,1,0,H,2.45,3.52,2.71,1.2088,1.168,0.3708607511,0.2781424815,0.3509967674
2023-24,2023-12-24,Ashford City,Bramley Rovers,1,0,H,1.55,4.96,4.97,3.0516,1.8366,0.623788362,0.1621453128,0.2140663252
2023-24,2023-12-24,Northgate Athletic,Ironbridge Town,0,3,A,2.7,3.63,2.48,1.1636,1.0268,0.388868366,0.2911796375,0.3199519964
2023-24,2023-12-30,Eastbrook Town,Riverside United,0,0,D,3.2,3.42,2.25,1.1679,1.2952,0.3336229019,0.2717368459,0.3946402522
2023-24,2023-12-30,Fairhaven FC,Thornbury Athletic,3,1,H,2.05,4.07,3.11,1.5633,1.3608,0.4223679614,0.2451972866,0.3324347519
2023-24,2023-12-30,Lakeside Rangers,Stonebridge City,0,4,A,1.86,3.95,3.91,1.2144,1.5484,0.2987910167,0.2507219887,0.4504869946
2023-24,2023-12-30,Millbrook City,Harrowgate Albion,0,2,A,2.72,3.82,2.31,1.155,1.6503,0.266942246,0.2438609099,0.4891968441
2023-24,2023-12-30,Northgate Athletic,Oakvale Rovers,1,1,D,4.83,3.86,1.67,0.8325,1.1776,0.2597148512,0.3012415656,0.4390435832
2023-24,2023-12-30,Portwell Town,Dunmore Athletic,0,2,A,2.21,3.47,3.13,1.3051,0.9425,0.4491391171,0.281482249,0.2693786339
2023-24,2023-12-30,Queensbury FC,Kingsport United,2,0,H,2.72,3.27,2.64,1.6328,1.0041,0.5206023406,0.246763804,0.2326338554
2023-24,2023-12-30,Westfield Wanderers,Castleton United,3,0,H,2.02,3.79,3.42,1.1401,1.1384,0.3577710507,0.2852882722,0.356940677
2023-24,2023-12-31,Ashford City,Ironbridge Town,1,2,A,1.61,4.61,4.6,2.6151,1.785,0.5583109877,0.1834335686,0.2582554437
2023-24,2023-12-31,Glenwood Wanderers,Bramley Rovers,0,3,A,1.44,5.09,5.82,2.6896,1.3678,0.6548816795,0.169761331,0.1753569895
2023-24,2024-01-06,Eastbrook Town,Harrowgate Albion,2,1,H,4.17,3.47,1.86,0.889,1.4014,0.2384683658,0.272493186,0.4890384482
2023-24,2024-01-06,Fairhaven FC,Riverside United,2,1,H,1.9,3.89,3.77,1.7717,1.4917,0.4444245226,0.2294006054,0.326174872
2023-24,2024-01-06,Kingsport United,Castleton United,4,1,H,2.32,3.52,2.97,1.215,0.9923,0.4116833159,0.2883655948,0.2999510893
2023-24,2024-01-06,Lakeside Rangers,Dunmore Athletic,0,2,A,2.48,3.92,2.57,1.0628,1.2921,0.3053494731,0.2774210309,0.417229496
2023-24,2024-01-06,Millbrook City,Queensbury FC,1,1,D,2.27,3.7,2.97,1.1846,1.4178,0.3146855461,0.2616368531,0.4236776009
2023-24,2024-01-06,Northgate Athletic,Thornbury Athletic,2,2,D,2.95,3.42,2.38,1.0352,0.9102,0.3766437807,0.3128501537,0.3105060656
2023-24,2024-01-06,Portwell Town,Bramley Rovers,1,0,H,1.84,3.88,3.97,1.5113,1.2617,0.4307165143,0.2519718819,0.3173116038
2023-24,2024-01-06,Westfield Wanderers,Stonebridge City,5,3,H,1.99,3.93,3.29,1.4583,1.4628,0.3756196926,0.2467294456,0.3776508618
2023-24,2024-01-07,Ashford City,Oakvale Rovers,3,2,H,2.36,3.98,2.57,2.0061,2.0268,0.3929732558,0.2060734515,0.4009532927
2023-24,2024-01-07,Glenwood Wanderers,Ironbridge Town,0,0,D,1.72,4.3,4.24,2.1688,1.6756,0.493183291,0.20587145,0.3009452589
2023-24,2024-01-13,Ashford City,Thornbury Athletic,4,2,H,1.92,4.51,3.26,2.3154,1.4768,0.5635917401,0.1967421596,0.2396661003
2023-24,2024-01-13,Eastbrook Town,Millbrook City,2,0,H,3.51,3.07,2.27,1.2668,1.0557,0.4117973734,0.2800506079,0.3081520188
2023-24,2024-01-13,Fairhaven FC,Harrowgate Albion,1,0,H,2.62,3.85,2.37,1.4057,1.6772,0.3227281706,0.236936236,0.4403355933
2023-24,2024-01-13,Kingsport United,Stonebridge City,2,1,H,2.12,3.59,3.24,1.3917,1.4171,0.3680935913,0.2523260772,0.3795803316
2023-24,2024-01-13,Lakeside Rangers,Bramley Rovers,0,2,A,2.13,3.85,3.13,1.3269,1.7413,0.293129635,0.2344850236,0.4723853414
2023-24,2024-01-13,Northgate Athletic,Riverside United,1,1,D,2.69,3.51,2.48,1.1871,0.939,0.4160470482,0.2942649016,0.2896880502
2023-24,2024-01-13,Queensbury FC,Castleton United,2,1,H,2.42,3.36,2.9,1.4149,0.8485,0.5029406281,0.2717130878,0.2253462841
2023-24,2024-01-13,Westfield Wanderers,Dunmore Athletic,3,1,H,2.2,3.85,2.95,1.2544,1.0469,0.4103279905,0.2816321612,0.3080398483
2023-24,2024-01-14,Glenwood Wanderers,Oakvale Rovers,1,0,H,2.43,3.78,2.64,1.7684,1.7397,0.3946241629,0.222496837,0.3828790001
2023-24,2024-01-14,Portwell Town,Ironbridge Town,2,2,D,2.25,3.36,3.17,1.3086,1.4915,0.3327713887,0.2516008252,0.415627786
2023-24,2024-01-20,Ashford City,Riverside United,2,0,H,1.6,4.71,4.54,2.6553,1.5234,0.6173665706,0.1765404533,0.2060929761
2023-24,2024-01-20,Castleton United,Stonebridge City,0,2,A,2.21,3.61,3.08,1.3783,1.325,0.3833441811,0.2578890928,0.3587667262
2023-24,2024-01-20,Eastbrook Town,Queensbury FC,0,2,A,3.09,3.14,2.48,0.8914,1.1532,0.2818550313,0.3008443515,0.4173006172
2023-24,2024-01-20,Fairhaven FC,Millbrook City,1,3,A,2.01,3.89,3.38,2.003,1.2634,0.5454706946,0.2159158496,0.2386134558
2023-24,2024-01-20,Kingsport United,Dunmore Athletic,1,3,A,2.13,3.63,3.3,1.1972,1.0142,0.4014824455,0.2888197282,0.3096978262
2023-24,2024-01-20,Lakeside Rangers,Ironbridge Town,0,0,D,2.48,3.75,2.57,1.1489,2.0586,0.2067547764,0.2100177239,0.5832274997
2023-24,2024-01-20,Northgate Athletic,Harrowgate Albion,0,1,A,3.39,3.64,2.06,0.9419,1.0558,0.3161770385,0.3080252604,0.3757977011
2023-24,2024-01-20,Westfield Wanderers,Bramley Rovers,4,1,H,2.01,4.23,3.16,1.5662,1.4109,0.4125977361,0.2432672554,0.3441350085
2023-24,2024-01-21,Glenwood Wanderers,Thornbury Athletic,2,2,D,1.92,4.14,3.39,2.0411,1.2676,0.5526897129,0.2131107446,0.2341995425
2023-24,2024-01-21,Portwell Town,Oakvale Rovers,1,0,H,2.97,3.62,2.3,1.067,1.5486,0.261535183,0.2540354787,0.4844293382
2023-24,2024-01-27,Ashford City,Harrowgate Albion,2,2,D,2.03,4.28,3.1,2.1068,1.7129,0.4728975855,0.2086300963,0.3184723182
2023-24,2024-01-27,Castleton United,Dunmore Athletic,2,0,H,2.16,3.66,3.06,1.1857,0.9483,0.4134254153,0.293882503,0.2926920817
2023-24,2024-01-27,Fairhaven FC,Eastbrook Town,1,3,A,1.7,3.66,5.33,1.6292,0.9507,0.5327840329,0.2472400161,0.219975951
2023-24,2024-01-27,Glenwood Wanderers,Riverside United,4,0,H,1.65,4.27,4.69,2.3407,1.3076,0.6045222736,0.1919352322,0.2035424941
2023-24,2024-01-27,Kingsport United,Bramley Rovers,3,0,H,1.76,4.14,4.13,1.4947,1.3668,0.4041663964,0.2490928138,0.3467407898
2023-24,2024-01-27,Northgate Athletic,Millbrook City,1,1,D,2.5,3.21,2.96,1.3422,0.7953,0.4965030102,0.2817232502,0.2217737396
2023-24,2024-01-27,Queensbury FC,Stonebridge City,1,0,H,2.5,3.76,2.57,1.6207,1.2118,0.4689848398,0.2452761007,0.2857390595
2023-24,2024-01-27,Westfield Wanderers,Ironbridge Town,2,3,A,1.93,4.07,3.54,1.3561,1.668,0.31255109,0.238752612,0.448696298
2023-24,2024-01-28,Lakeside Rangers,Oakvale Rovers,0,3,A,2.92,3.71,2.29,0.9368,2.1374,0.1543653648,0.1968347643,0.6487998709
2023-24,2024-01-28,Portwell Town,Thornbury Athletic,1,1,D,2.77,3.59,2.44,1.2315,1.1284,0.3857287055,0.2789224197,0.3353488748
2023-24,2024-02-03,Ashford City,Millbrook City,2,0,H,1.54,4.68,5.09,3.0684,1.2747,0.7320861985,0.1413856428,0.1265281587
2023-24,2024-02-03,Castleton United,Bramley Rovers,1,3,A,1.71,4.07,4.39,1.5446,1.2518,0.4412531962,0.2499270595,0.3088197443
2023-24,2024-02-03,Fairhaven FC,Queensbury FC,1,2,A,2.46,3.52,2.77,1.2596,1.4241,0.3329850884,0.2580681639,0.4089467478
2023-24,2024-02-03,Glenwood Wanderers,Harrowgate Albion,1,2,A,1.9,4.08,3.53,1.7941,1.2454,0.5027760904,0.2316237551,0.2656001545
2023-24,2024-02-03,Kingsport United,Ironbridge Town,1,1,D,1.8,3.82,4.04,1.4221,1.5268,0.354295143,0.2450305019,0.400674355
2023-24,2024-02-03,Northgate Athletic,Eastbrook Town,0,2,A,2.01,3.2,4.2,1.0581,0.681,0.4402177845,0.3269760392,0.2328061763
2023-24,2024-02-03,Stonebridge City,Dunmore Athletic,0,0,D,2.07,4.08,3.1,1.7973,1.1677,0.5212068218,0.2316740256,0.2471191526
2023-24,2024-02-03,Westfield Wanderers,Oakvale Rovers,0,1,A,2.51,3.74,2.61,1.3785,1.7295,0.3072135717,0.2343239254,0.4584625029
2023-24,2024-02-04,Lakeside Rangers,Thornbury Athletic,2,0,H,3.0,3.86,2.14,0.9803,1.6037,0.2310860788,0.2497545772,0.519159344
2023-24,2024-02-04,Portwell Town,Riverside United,1,1,D,2.02,3.8,3.4,1.4514,0.9812,0.4797512642,0.2650870693,0.2551616665
2023-24,2024-02-10,Ashford City,Eastbrook Town,2,1,H,1.43,4.76,7.06,2.4822,1.0452,0.6875250152,0.171878381,0.1405966038
2023-24,2024-02-10,Castleton United,Ironbridge Town,2,0,H,2.2,3.51,3.09,1.22,1.5158,0.3059569525,0.2529986901,0.4410443574
2023-24,2024-02-10,Glenwood Wanderers,Millbrook City,2,0,H,1.56,4.36,5.45,2.5537,0.993,0.7108553216,0.1635923118,0.1255523666
2023-24,2024-02-10,Kingsport United,Oakvale Rovers,1,1,D,2.53,3.49,2.66,1.1987,1.5762,0.2900581307,0.2489896815,0.4609521877
2023-24,2024-02-10,Northgate Athletic,Fairhaven FC,0,0,D,2.77,3.29,2.52,1.3502,0.928,0.4652719348,0.2771401212,0.2575879439
2023-24,2024-02-10,Portwell Town,Harrowgate Albion,0,1,A,2.52,3.66,2.56,1.1082,1.1479,0.3466598867,0.2868947124,0.3664454009
2023-24,2024-02-10,Queensbury FC,Dunmore Athletic,2,2,D,2.52,3.52,2.72,1.4601,0.8385,0.5176802552,0.2664671311,0.2158526137
2023-24,2024-02-10,Stonebridge City,Bramley Rovers,2,0,H,1.91,3.86,3.55,2.2613,1.3949,0.5702392118,0.1991296395,0.2306311487
2023-24,2024-02-11,Lakeside Rangers,Riverside United,4,1,H,2.07,3.67,3.24,1.0781,1.4337,0.2838029953,0.2641376342,0.4520593705
2023-24,2024-02-11,Westfield Wanderers,Thornbury Athletic,2,0,H,2.26,3.91,2.81,1.7416,1.3947,0.4578118742,0.2332434111,0.3089447147
2023-24,2024-02-17,Ashford City,Fairhaven FC,3,2,H,1.57,4.99,4.76,3.1673,1.4244,0.7180963898,0.1421386457,0.1397649646
2023-24,2024-02-17,Castleton United,Oakvale Rovers,2,2,D,2.35,3.52,2.83,1.0283,1.5649,0.249122966,0.2531074702,0.4977695638
2023-24,2024-02-17,Dunmore Athletic,Bramley Rovers,2,4,A,1.65,4.48,4.29,1.6844,1.1948,0.4883385723,0.2405824065,0.2710790212
2023-24,2024-02-17,Glenwood Wanderers,Eastbrook Town,2,2,D,1.52,4.16,6.62,2.0658,0.8142,0.6641800354,0.1985095149,0.1373104497
2023-24,2024-02-17,Kingsport United,Thornbury Athletic,2,0,H,2.19,3.56,3.11,1.5144,1.2711,0.4294639105,0.2514349642,0.3191011253
2023-24,2024-02-17,Northgate Athletic,Queensbury FC,2,2,D,2.49,3.22,2.86,0.867,0.9018,0.3242428625,0.3323160904,0.3434410471
2023-24,2024-02-17,Portwell Town,Millbrook City,2,1,H,2.15,3.41,3.45,1.5774,0.9153,0.5286246003,0.2527369701,0.2186384296
2023-24,2024-02-17,Stonebridge City,Ironbridge Town,3,0,H,2.14,3.75,3.1,1.786,1.6891,0.4082180756,0.2234356182,0.3683463062
2023-24,2024-02-18,Lakeside Rangers,Harrowgate Albion,1,2,A,2.42,3.92,2.55,0.8231,1.6774,0.1822901775,0.2409657704,0.5767440521
2023-24,2024-02-18,Westfield Wanderers,Riverside United,0,1,A,1.95,4.07,3.46,1.9152,1.2469,0.5299273711,0.2224482756,0.2476243533
2023-24,2024-02-24,Ashford City,Northgate Athletic,1,1,D,1.63,4.34,4.84,2.0057,0.9804,0.6115923891,0.210636358,0.1777712528
2023-24,2024-02-24,Castleton United,Thornbury Athletic,2,0,H,2.1,3.78,3.11,1.2992,1.262,0.3756796116,0.2661929477,0.3581274407
2023-24,2024-02-24,Dunmore Athletic,Ironbridge Town,1,1,D,2.23,3.75,2.9,1.3304,1.4468,0.3467599529,0.2535106156,0.3997294315
2023-24,2024-02-24,Glenwood Wanderers,Fairhaven FC,3,1,H,1.75,4.23,4.12,2.636,1.1096,0.6994507802,0.1630501007,0.1374991191
2023-24,2024-02-24,Lakeside Rangers,Millbrook City,0,2,A,2.05,3.97,3.26,1.1716,1.3375,0.3264048947,0.268338803,0.4052563023
2023-24,2024-02-24,Portwell Town,Eastbrook Town,1,1,D,1.74,3.48,5.47,1.276,0.7505,0.4892263222,0.2916364326,0.2191372452
2023-24,2024-02-24,Queensbury FC,Bramley Rovers,0,3,A,1.94,3.79,3.5,1.8371,1.0016,0.5695872436,0.2270480468,0.2033647096
2023-24,2024-02-24,Stonebridge City,Oakvale Rovers,0,1,A,2.74,3.66,2.34,1.5055,1.7438,0.3342554207,0.2305860661,0.4351585132
2023-24,2024-02-25,Kingsport United,Riverside United,0,1,A,1.72,4.04,4.33,1.6654,1.1364,0.4971792543,0.2428215907,0.2599991551
2023-24,2024-02-25,Westfield Wanderers,Harrowgate Albion,3,3,D,2.1,4.05,3.05,1.4623,1.4588,0.3774217576,0.2467269316,0.3758513109
2023-24,2024-03-02,Ashford City,Queensbury FC,5,2,H,1.73,4.23,4.21,2.2201,1.4076,0.5592491555,0.2020529652,0.2386978794
2023-24,2024-03-02,Bramley Rovers,Ironbridge Town,1,4,A,2.3,3.83,2.77,1.8585,1.6339,0.4351498279,0.2217227714,0.3431274006
2023-24,2024-03-02,Castleton United,Riverside United,2,1,H,1.75,3.9,4.37,1.4828,1.1141,0.4565433797,0.2587786384,0.2846779819
2023-24,2024-03-02,Dunmore Athletic,Oakvale Rovers,1,1,D,2.05,3.94,3.18,1.059,1.52,0.2641901754,0.2568067118,0.4790031128
2023-24,2024-03-02,Glenwood Wanderers,Northgate Athletic,1,1,D,1.51,4.46,6.03,1.684,0.7645,0.5935295301,0.2390558567,0.1674146132
2023-24,2024-03-02,Lakeside Rangers,Eastbrook Town,1,1,D,2.04,3.35,3.72,1.022,1.1961,0.3121600757,0.2884505553,0.399389369
2023-24,2024-03-02,Portwell Town,Fairhaven FC,0,2,A,2.51,3.31,2.82,1.5667,1.0292,0.4980169951,0.2529266852,0.2490563196
2023-24,2024-03-02,Stonebridge City,Thornbury Athletic,2,2,D,2.16,4.08,2.94,1.9023,1.1105,0.5583535473,0.222554168,0.2190922847
2023-24,2024-03-03,Kingsport United,Harrowgate Albion,2,1,H,2.27,3.76,2.93,1.2121,1.344,0.3359625627,0.2658579239,0.3981795134
2023-24,2024-03-03,Westfield Wanderers,Millbrook City,1,1,D,2.04,3.74,3.25,1.9153,1.1159,0.5599844682,0.2215012696,0.2185142622
2023-24,2024-03-09,Bramley Rovers,Oakvale Rovers,1,1,D,3.24,3.86,2.02,1.4234,1.7812,0.3088509759,0.2302502377,0.4608987864
2023-24,2024-03-09,Dunmore Athletic,Thornbury Athletic,2,2,D,2.17,3.87,2.9,1.5031,1.1024,0.4644672968,0.2573396996,0.2781930036
2023-24,2024-03-09,Glenwood Wanderers,Ashford City,3,3,D,1.88,4.42,3.46,2.5008,1.7924,0.5355675653,0.1892336168,0.2751988179
2023-24,2024-03-09,Lakeside Rangers,Fairhaven FC,0,1,A,1.94,3.83,3.55,1.3466,1.4747,0.3454993422,0.2511243627,0.4033762951
2023-24,2024-03-09,Portwell Town,Northgate Athletic,0,0,D,2.11,3.3,3.58,1.0174,0.6938,0.4234687292,0.3325032122,0.2440280586
2023-24,2024-03-09,Queensbury FC,Ironbridge Town,1,1,D,2.24,3.64,3.02,1.5353,1.2795,0.432856105,0.249715779,0.317428116
2023-24,2024-03-09,Stonebridge City,Riverside United,1,2,A,2.01,4.05,3.25,1.9281,1.1144,0.5631462003,0.2203933633,0.2164604364
2023-24,2024-03-09,Westfield Wanderers,Eastbrook Town,1,3,A,1.79,3.6,4.68,1.5732,1.0392,0.4972523788,0.2521858898,0.2505617314
2023-24,2024-03-10,Castleton United,Harrowgate Albion,5,1,H,2.27,3.86,2.88,1.1634,1.4018,0.3120971724,0.2637311202,0.4241717074
2023-24,2024-03-10,Kingsport United,Millbrook City,1,1,D,1.85,3.83,4.08,1.6298,0.9727,0.5275014912,0.247158984,0.2253395247
2023-24,2024-03-16,Bramley Rovers,Thornbury Athletic,2,1,H,2.74,4.02,2.24,2.0202,1.2919,0.5428230265,0.2148572462,0.2423197273
2023-24,2024-03-16,Dunmore Athletic,Riverside United,1,2,A,1.66,4.33,4.63,1.5234,1.1063,0.4687858604,0.2554802479,0.2757338917
2023-24,2024-03-16,Glenwood Wanderers,Queensbury FC,1,0,H,1.68,3.98,4.88,1.897,1.1407,0.5501344022,0.223310778,0.2265548199
2023-24,2024-03-16,Ironbridge Town,Oakvale Rovers,0,1,A,2.92,3.66,2.24,1.4091,1.5158,0.3532121267,0.2461606297,0.4006272436
2023-24,2024-03-16,Lakeside Rangers,Northgate Athletic,5,1,H,2.1,3.57,3.36,0.8745,0.9942,0.30746716,0.3206430255,0.3718898145
2023-24,2024-03-16,Portwell Town,Ashford City,0,1,A,2.91,3.62,2.28,1.5109,1.6268,0.3568083054,0.2364719982,0.4067196964
2023-24,2024-03-16,Stonebridge City,Harrowgate Albion,0,1,A,2.22,3.94,2.82,1.5128,1.4022,0.4013217791,0.2466076355,0.3520705855
2023-24,2024-03-16,Westfield Wanderers,Fairhaven FC,4,3,H,2.1,3.82,3.07,2.0728,1.2812,0.5563852542,0.2109002597,0.232714486
2023-24,2024-03-17,Castleton United,Millbrook City,1,1,D,1.77,3.85,4.36,1.5644,1.0146,0.5009419882,0.2533358231,0.2457221887
2023-24,2024-03-17,Kingsport United,Eastbrook Town,0,1,A,1.77,3.42,5.02,1.3386,0.9059,0.4675206749,0.2791214858,0.2533578393
2023-24,2024-03-23,Bramley Rovers,Riverside United,0,1,A,2.46,3.81,2.63,2.0475,1.2964,0.5476669835,0.2129010702,0.2394319463
2023-24,2024-03-23,Dunmore Athletic,Harrowgate Albion,3,0,H,1.86,4.18,3.54,1.1953,1.392,0.3223203351,0.2631399086,0.4145397562
2023-24,2024-03-23,Ironbridge Town,Thornbury Athletic,2,1,H,2.62,3.9,2.4,2.0,1.0993,0.5822700463,0.2139872795,0.2037426742
2023-24,2024-03-23,Kingsport United,Fairhaven FC,1,0,H,2.09,3.8,3.26,1.7638,1.1169,0.525206951,0.2345299612,0.2402630878
2023-24,2024-03-23,Lakeside Rangers,Ashford City,0,1,A,2.77,4.08,2.22,1.2986,2.3309,0.2029890916,0.1924176211,0.6045932873
2023-24,2024-03-23,Portwell Town,Glenwood Wanderers,3,0,H,3.37,3.45,2.09,1.2244,1.39,0.330346519,0.2619963855,0.4076570955
2023-24,2024-03-23,Queensbury FC,Oakvale Rovers,1,3,A,2.9,3.45,2.37,1.1759,1.3948,0.3166736769,0.2637584249,0.4195678981
2023-24,2024-03-23,Westfield Wanderers,Northgate Athletic,2,2,D,1.91,3.63,3.78,1.3461,0.8638,0.4801092092,0.2795199215,0.2403708693
2023-24,2024-03-24,Castleton United,Eastbrook Town,1,2,A,1.83,3.42,4.58,1.2849,0.9448,0.442890323,0.2835341933,0.2735754836
2023-24,2024-03-24,Stonebridge City,Millbrook City,1,1,D,2.0,3.81,3.47,2.0341,1.0148,0.6093497222,0.2089906003,0.1816596775
2023-24,2024-03-30,Bramley Rovers,Harrowgate Albion,1,0,H,2.96,3.98,2.13,1.6065,1.6312,0.3784069327,0.232708261,0.3888848063
2023-24,2024-03-30,Dunmore Athletic,Millbrook City,0,2,A,1.93,3.78,3.64,1.6072,1.0075,0.5134209166,0.2492430897,0.2373359938
2023-24,2024-03-30,Ironbridge Town,Riverside United,1,2,A,2.3,3.83,2.72,2.027,1.1032,0.5871349002,0.2117472364,0.2011178635
2023-24,2024-03-30,Kingsport United,Northgate Athletic,1,1,D,1.72,3.87,4.54,1.1454,0.7529,0.4493337396,0.3096955384,0.240970722
2023-24,2024-03-30,Lakeside Rangers,Glenwood Wanderers,1,0,H,3.14,3.87,2.1,1.0523,1.9916,0.1947413482,0.2137504536,0.5915081982
2023-24,2024-03-30,Oakvale Rovers,Thornbury Athletic,0,2,A,1.89,3.94,3.55,2.1802,0.842,0.6795997102,0.1885098534,0.1318904364
2023-24,2024-03-30,Portwell Town,Queensbury FC,2,0,H,2.48,3.26,2.82,1.1461,1.0352,0.381889721,0.2922097933,0.3259004857
2023-24,2024-03-30,Westfield Wanderers,Ashford City,0,0,D,2.37,3.98,2.59,1.999,2.0251,0.3918159709,0.2063119061,0.401872123
2023-24,2024-03-31,Castleton United,Fairhaven FC,1,0,H,2.06,3.59,3.55,1.693,1.1649,0.4972373186,0.2402351776,0.2625275038
2023-24,2024-03-31,Stonebridge City,Eastbrook Town,2,1,H,1.69,3.64,5.5,1.6708,0.9451,0.5443500569,0.2429455699,0.2127043732
2023-24,2024-04-06,Bramley Rovers,Millbrook City,4,0,H,2.56,3.72,2.48,1.7845,1.2133,0.5078040407,0.2325534436,0.2596425158
2023-24,2024-04-06,Castleton United,Northgate Athletic,0,1,A,1.71,3.76,4.83,1.2918,0.8298,0.4733101054,0.2871115636,0.239578331
2023-24,2024-04-06,Ironbridge Town,Harrowgate Albion,5,4,H,2.45,3.71,2.68,1.7583,1.2785,0.4870098368,0.2339684564,0.2790217068
2023-24,2024-04-06,Kingsport United,Ashford City,1,0,H,2.36,3.84,2.7,1.4765,1.7388,0.328437686,0.2315849925,0.4399773215
2023-24,2024-04-06,Lakeside Rangers,Portwell Town,1,2,A,2.19,3.76,2.99,0.9254,1.0967,0.3029580664,0.3049022149,0.3921397187
2023-24,2024-04-06,Oakvale Rovers,Riverside United,4,1,H,1.84,4.1,3.84,1.9308,0.8961,0.6161006341,0.2154228902,0.1684764757
2023-24,2024-04-06,Queensbury FC,Thornbury Athletic,1,2,A,2.88,3.77,2.24,1.5416,1.2208,0.4473408363,0.2510541187,0.301605045
2023-24,2024-04-06,Westfield Wanderers,Glenwood Wanderers,0,0,D,2.98,3.67,2.27,1.6777,1.7345,0.3752629318,0.2258911042,0.398845964
2023-24,2024-04-07,Dunmore Athletic,Eastbrook Town,3,3,D,1.64,3.86,5.42,1.2704,1.0716,0.4091833303,0.2788929536,0.3119237161
2023-24,2024-04-07,Stonebridge City,Fairhaven FC,4,4,D,1.78,3.94,4.03,1.9749,1.2246,0.5480837698,0.2177462609,0.2341699693
2023-24,2024-04-13,Bramley Rovers,Eastbrook Town,3,4,A,2.06,3.43,3.66,1.5574,1.204,0.4550804841,0.2503114834,0.2946080324
2023-24,2024-04-13,Castleton United,Ashford City,0,0,D,2.44,3.7,2.65,1.6164,1.8487,0.3409499545,0.2225906097,0.4364594359
2023-24,2024-04-13,Ironbridge Town,Millbrook City,2,0,H,2.1,3.67,3.38,1.9047,1.0284,0.578292219,0.2211466427,0.2005611383
2023-24,2024-04-13,Kingsport United,Glenwood Wanderers,2,0,H,2.98,3.68,2.21,1.3627,1.3917,0.3657968892,0.2551810565,0.3790220543
2023-24,2024-04-13,Lakeside Rangers,Queensbury FC,1,1,D,2.22,3.58,3.12,1.1469,1.3272,0.3217109871,0.2703454175,0.4079435953
2023-24,2024-04-13,Oakvale Rovers,Harrowgate Albion,6,1,H,1.73,4.34,4.22,1.8456,0.9791,0.5769517086,0.2258709968,0.1971772946
2023-24,2024-04-13,Thornbury Athletic,Riverside United,2,1,H,1.85,3.93,3.87,1.5688,1.2617,0.445084015,0.2479112841,0.307004701
2023-24,2024-04-13,Westfield Wanderers,Portwell Town,1,1,D,1.83,3.67,4.24,1.3415,1.0888,0.4248507902,0.2718602135,0.3032889962
2023-24,2024-04-14,Dunmore Athletic,Fairhaven FC,2,0,H,1.8,4.11,3.99,1.6657,1.2101,0.480326772,0.2418324308,0.2778407972
2023-24,2024-04-14,Stonebridge City,Northgate Athletic,2,2,D,1.7,3.92,4.86,1.4681,0.8658,0.5128217275,0.2652398242,0.2219384482
2023-24,2024-04-20,Castleton United,Glenwood Wanderers,0,5,A,2.9,3.57,2.36,1.4919,1.4796,0.3805514084,0.2443216826,0.3751269089
2023-24,2024-04-20,Ironbridge Town,Eastbrook Town,2,0,H,1.7,3.67,5.03,1.6624,1.0205,0.523854077,0.243862879,0.2322830439
2023-24,2024-04-20,Kingsport United,Portwell Town,3,2,H,2.18,3.42,3.4,1.0897,0.8736,0.4021634881,0.3094287883,0.2884077236
2023-24,2024-04-20,Oakvale Rovers,Millbrook City,3,2,H,1.75,3.92,4.28,1.9993,0.7876,0.6573760905,0.2042031324,0.1384207771
2023-24,2024-04-20,Queensbury FC,Riverside United,1,1,D,1.98,3.62,3.67,1.4749,1.2169,0.4313110628,0.2561336054,0.3125553318
2023-24,2024-04-20,Stonebridge City,Ashford City,0,1,A,2.41,4.13,2.54,1.8371,1.9288,0.3749295838,0.213755759,0.4113146571
2023-24,2024-04-20,Thornbury Athletic,Harrowgate Albion,3,1,H,1.92,4.1,3.54,1.4996,1.3787,0.4029021755,0.2483230685,0.348774756
2023-24,2024-04-20,Westfield Wanderers,Lakeside Rangers,1,2,A,1.98,3.98,3.42,1.9224,1.0164,0.585055551,0.2192883397,0.1956561094
2023-24,2024-04-21,Bramley Rovers,Fairhaven FC,0,1,A,3.41,4.08,1.93,2.042,1.3595,0.5326131109,0.2136908983,0.2536959908
2023-24,2024-04-21,Dunmore Athletic,Northgate Athletic,1,1,D,1.79,3.72,4.31,1.2382,0.8556,0.4513098995,0.2926761382,0.2560139623
2023-24,2024-04-27,Castleton United,Portwell Town,0,1,A,1.71,4.0,4.59,1.1929,0.9288,0.4201628809,0.2942199308,0.2856171883
2023-24,2024-04-27,Ironbridge Town,Fairhaven FC,2,0,H,2.18,3.73,3.03,2.1796,1.1524,0.6072508981,0.2002531854,0.1924959165
2023-24,2024-04-27,Kingsport United,Lakeside Rangers,2,1,H,2.02,3.7,3.53,1.5615,0.8155,0.5500141662,0.2544368109,0.1955490229
2023-24,2024-04-27,Oakvale Rovers,Eastbrook Town,4,1,H,1.63,3.77,5.44,1.7449,0.7816,0.6034468845,0.2322705437,0.1642825719
2023-24,2024-04-27,Riverside United,Harrowgate Albion,0,2,A,2.23,3.83,2.83,1.4948,1.3191,0.4142041551,0.2509904463,0.3348053986
2023-24,2024-04-27,Stonebridge City,Glenwood Wanderers,1,0,H,2.44,3.71,2.69,1.6955,1.5438,0.4162206739,0.2319796387,0.3517996874
2023-24,2024-04-27,Thornbury Athletic,Millbrook City,1,2,A,1.8,4.12,3.77,1.6245,1.109,0.4935368959,0.2466492497,0.2598138545
2023-24,2024-04-27,Westfield Wanderers,Queensbury FC,3,2,H,1.79,4.01,4.12,1.6624,1.3176,0.4556876187,0.2400151989,0.3042971824
2023-24,2024-04-28,Bramley Rovers,Northgate Athletic,2,2,D,2.26,3.48,3.02,1.518,0.9612,0.5020621447,0.2586381207,0.2392997346
2023-24,2024-04-28,Dunmore Athletic,Ashford City,2,2,D,2.01,4.3,3.16,1.5494,1.906,0.3162944645,0.2209577503,0.4627477852
2024-25,2024-08-17,Bramley Rovers,Oakvale Rovers,2,0,H,3.08,3.6,2.19,1.377,2.0529,0.2558419261,0.2130177779,0.5311402961
2024-25,2024-08-17,Dunmore Athletic,Westfield Wanderers,0,1,A,1.94,4.09,3.39,1.6749,1.2564,0.4721685152,0.2403629382,0.2874685466
2024-25,2024-08-17,Harrowgate Albion,Castleton United,0,0,D,2.57,3.39,2.66,1.8438,1.0734,0.5539371931,0.2272954497,0.2187673572
2024-25,2024-08-17,Ironbridge Town,Millbrook City,3,0,H,1.7,4.55,4.02,2.0775,0.9951,0.6229880847,0.2044536163,0.172558299
2024-25,2024-08-17,Northgate Athletic,Lakeside Rangers,3,0,H,2.19,3.63,3.09,1.3518,0.783,0.5024109924,0.2807467378,0.2168422697
2024-25,2024-08-17,Portwell Town,Glenwood Wanderers,0,1,A,2.43,3.47,2.88,1.1909,1.1905,0.3611575515,0.2778984913,0.3609439572
2024-25,2024-08-17,Queensbury FC,Stonebridge City,0,0,D,2.34,3.53,2.89,1.5118,1.3218,0.4178962858,0.2498016829,0.3323020313
2024-25,2024-08-17,Riverside United,Ashford City,2,1,H,2.33,3.6,2.83,1.4799,1.7967,0.3191622908,0.2282520688,0.4525856404
2024-25,2024-08-18,Eastbrook Town,Thornbury Athletic,1,1,D,3.32,3.81,2.02,1.5396,1.283,0.4331696193,0.2493127957,0.3175175849
2024-25,2024-08-18,Kingsport United,Fairhaven FC,1,0,H,2.09,3.31,3.64,1.66,1.0347,0.5198688745,0.2440453178,0.2360858078
2024-25,2024-08-24,Dunmore Athletic,Bramley Rovers,0,1,A,1.77,4.26,4.01,1.7378,1.4094,0.4538069325,0.2331752668,0.3130178008
2024-25,2024-08-24,Harrowgate Albion,Ashford City,2,1,H,2.59,3.72,2.52,1.821,1.9092,0.3749926821,0.2148943197,0.4101129983
2024-25,2024-08-24,Ironbridge Town,Lakeside Rangers,3,1,H,1.44,4.96,5.98,2.227,0.8525,0.6858402064,0.1845752689,0.1295845247
2024-25,2024-08-24,Northgate Athletic,Westfield Wanderers,1,1,D,2.95,3.57,2.3,1.3345,1.0592,0.4297585761,0.2737604705,0.2964809534
2024-25,2024-08-24,Oakvale Rovers,Glenwood Wanderers,4,2,H,2.07,3.69,3.43,2.0873,1.1274,0.5941839694,0.2071899282,0.1986261024
2024-25,2024-08-24,Portwell Town,Castleton United,1,1,D,2.68,2.95,2.89,1.3005,0.795,0.4847442789,0.2870878376,0.2281678835
2024-25,2024-08-24,Queensbury FC,Millbrook City,1,1,D,2.2,3.97,2.88,1.5563,1.0932,0.4802146222,0.2528697462,0.2669156316
2024-25,2024-08-24,Riverside United,Thornbury Athletic,2,3,A,2.22,3.89,2.8,1.5156,1.3061,0.4222044789,0.2501289477,0.3276665734
2024-25,2024-08-25,Eastbrook Town,Fairhaven FC,1,0,H,2.8,3.0,2.74,1.7573,1.2047,0.503392642,0.2347405895,0.2618667684
2024-25,2024-08-25,Kingsport United,Stonebridge City,2,0,H,2.15,3.31,3.39,1.4816,1.1209,0.4546641843,0.2586817605,0.2866540552
2024-25,2024-08-31,Bramley Rovers,Glenwood Wanderers,0,1,A,2.68,3.52,2.57,1.6492,1.7175,0.3719655814,0.2275503933,0.4004840253
2024-25,2024-08-31,Harrowgate Albion,Thornbury Athletic,1,3,A,3.12,4.22,2.04,1.865,1.3879,0.487589074,0.2254703215,0.2869406045
2024-25,2024-08-31,Ironbridge Town,Westfield Wanderers,3,3,D,2.24,3.74,2.89,2.1987,1.1533,0.6108733043,0.1987387188,0.1903879768
2024-25,2024-08-31,Kingsport United,Millbrook City,1,1,D,2.17,3.59,3.26,1.5253,0.927,0.5123856241,0.2582579474,0.2293564285
2024-25,2024-08-31,Northgate Athletic,Dunmore Athletic,0,1,A,2.73,3.84,2.3,1.2031,0.9842,0.4101161723,0.2900058419,0.2998779857
2024-25,2024-08-31,Oakvale Rovers,Castleton United,2,0,H,2.12,3.25,3.58,2.2794,0.7528,0.7187280405,0.1739662404,0.1073057191
2024-25,2024-08-31,Portwell Town,Ashford City,0,1,A,2.43,3.5,2.75,1.2844,1.414,0.3413334042,0.2576353737,0.4010312221
2024-25,2024-08-31,Queensbury FC,Lakeside Rangers,2,0,H,2.06,3.64,3.4,1.6684,0.9366,0.5458931532,0.2431491439,0.210957703
2024-25,2024-09-01,Eastbrook Town,Stonebridge City,3,0,H,3.03,2.96,2.58,1.4925,1.1666,0.4470529984,0.2564362232,0.2965107784
2024-25,2024-09-01,Riverside United,Fairhaven FC,1,1,D,2.0,3.34,3.86,1.7806,1.1876,0.5127527863,0.2329784229,0.2542687909
2024-25,2024-09-07,Glenwood Wanderers,Castleton United,1,0,H,2.33,3.25,3.09,1.8299,0.8314,0.6100653033,0.2240877505,0.1658469462
2024-25,2024-09-07,Harrowgate Albion,Fairhaven FC,1,2,A,2.15,3.6,3.25,1.9562,1.2081,0.5477540736,0.2190676929,0.2331782335
2024-25,2024-09-07,Ironbridge Town,Dunmore Athletic,6,2,H,1.83,4.16,3.64,2.0215,1.0157,0.6065066782,0.2101583996,0.1833349222
2024-25,2024-09-07,Kingsport United,Lakeside Rangers,3,0,H,1.71,3.79,5.01,1.7567,0.703,0.6267006403,0.2284198271,0.1448795326
2024-25,2024-09-07,Northgate Athletic,Bramley Rovers,2,1,H,2.1,3.77,3.17,1.2503,1.1255,0.3915754106,0.2775987179,0.3308258715
2024-25,2024-09-07,Oakvale Rovers,Ashford City,2,1,H,2.05,3.76,3.24,2.2865,1.3419,0.5865866223,0.1965048294,0.2169085482
2024-25,2024-09-07,Portwell Town,Thornbury Athletic,1,2,A,2.55,3.77,2.45,1.1838,1.139,0.3700474653,0.2819442716,0.3480082631
2024-25,2024-09-07,Queensbury FC,Westfield Wanderers,2,1,H,2.54,3.64,2.54,1.5298,1.255,0.4368352828,0.2508838973,0.3122808199
2024-25,2024-09-08,Eastbrook Town,Millbrook City,1,1,D,2.78,3.44,2.47,1.5678,1.008,0.5033992255,0.2530800603,0.2435207142
2024-25,2024-09-08,Riverside United,Stonebridge City,2,2,D,1.95,3.37,4.23,1.6042,1.2882,0.4479861585,0.2447132434,0.3073005981
2024-25,2024-09-14,Bramley Rovers,Castleton United,0,1,A,2.8,3.32,2.55,1.6371,0.9507,0.5347214033,0.2464239859,0.2188546108
2024-25,2024-09-14,Eastbrook Town,Lakeside Rangers,0,1,A,2.41,3.04,3.16,1.8233,0.8372,0.6071139049,0.224974106,0.1679119891
2024-25,2024-09-14,Glenwood Wanderers,Ashford City,0,0,D,2.32,3.83,2.74,1.9163,1.5124,0.4726702213,0.2209154856,0.3064142931
2024-25,2024-09-14,Ironbridge Town,Northgate Athletic,3,0,H,1.52,4.6,5.62,1.7828,0.9126,0.5789629729,0.2309993267,0.1900377003
2024-25,2024-09-14,Kingsport United,Westfield Wanderers,1,0,H,2.3,3.41,2.98,1.5671,1.0679,0.4888831817,0.2523369864,0.2587798319
2024-25,2024-09-14,Oakvale Rovers,Thornbury Athletic,0,3,A,2.1,4.28,2.96,2.3233,1.1322,0.6397083509,0.1881187168,0.1721729323
2024-25,2024-09-14,Portwell Town,Fairhaven FC,2,1,H,2.35,3.25,3.08,1.3271,0.8957,0.466798277,0.2807486401,0.2524530828
2024-25,2024-09-14,Queensbury FC,Dunmore Athletic,1,1,D,2.54,3.88,2.48,1.3291,0.9861,0.4454037808,0.2772782787,0.2773179405
2024-25,2024-09-15,Harrowgate Albion,Stonebridge City,1,0,H,2.26,3.51,2.97,1.7624,1.3105,0.4809149567,0.2332754941,0.2858095492
2024-25,2024-09-15,Riverside United,Millbrook City,5,4,H,2.33,3.52,2.92,1.6851,1.113,0.5073654436,0.2413508791,0.2512836773
2024-25,2024-09-21,Castleton United,Ashford City,1,2,A,2.48,3.4,2.72,1.1834,1.575,0.2864570114,0.2494391785,0.4641038101
2024-25,2024-09-21,Eastbrook Town,Westfield Wanderers,2,2,D,3.29,3.28,2.22,1.6265,1.2718,0.4570407178,0.2435526425,0.2994066397
2024-25,2024-09-21,Glenwood Wanderers,Thornbury Athletic,2,2,D,2.56,3.92,2.41,1.9472,1.276,0.5304628977,0.2201403742,0.2493967281
2024-25,2024-09-21,Ironbridge Town,Bramley Rovers,1,1,D,1.54,4.63,5.42,2.1816,1.3121,0.5720929099,0.2034081717,0.2244989183
2024-25,2024-09-21,Kingsport United,Dunmore Athletic,2,5,A,2.01,3.72,3.4,1.3615,0.8391,0.4906621905,0.2783057841,0.2310320254
2024-25,2024-09-21,Oakvale Rovers,Fairhaven FC,3,0,H,1.96,3.68,3.58,2.6046,0.8904,0.7409875189,0.1537437596,0.1052687215
2024-25,2024-09-21,Portwell Town,Stonebridge City,0,3,A,2.07,3.45,3.46,1.1956,0.9716,0.4108481543,0.2914938809,0.2976579648
2024-25,2024-09-21,Queensbury FC,Northgate Athletic,2,0,H,2.0,3.8,3.47,1.1721,0.886,0.4242735229,0.2989722799,0.2767541972
2024-25,2024-09-22,Harrowgate Albion,Millbrook City,3,3,D,2.74,4.01,2.28,1.8512,1.1323,0.5417906568,0.2271009352,0.231108408
2024-25,2024-09-22,Riverside United,Lakeside Rangers,0,3,A,1.95,3.49,4.05,1.9597,0.9245,0.6153237058,0.213411031,0.1712652632
2024-25,2024-09-28,Bramley Rovers,Ashford City,1,3,A,2.68,3.75,2.37,1.7144,1.7294,0.3844893781,0.224812345,0.3906982769
2024-25,2024-09-28,Castleton United,Thornbury Athletic,1,0,H,2.6,3.77,2.42,1.2025,1.3288,0.3363624614,0.2674325106,0.396205028
2024-25,2024-09-28,Eastbrook Town,Dunmore Athletic,1,1,D,3.19,3.47,2.23,1.4131,0.9993,0.4651660538,0.2684565228,0.2663774234
2024-25,2024-09-28,Glenwood Wanderers,Fairhaven FC,0,5,A,2.15,3.41,3.43,2.1829,1.0035,0.6420729034,0.1952783003,0.1626487963
2024-25,2024-09-28,Kingsport United,Northgate Athletic,1,0,H,1.82,3.69,4.43,1.2007,0.7539,0.4659875753,0.3019161075,0.2320963172
2024-25,2024-09-28,Oakvale Rovers,Stonebridge City,1,1,D,2.08,3.51,3.51,2.3465,0.9658,0.6813718734,0.1793942396,0.139233887
2024-25,2024-09-28,Queensbury FC,Ironbridge Town,1,1,D,2.8,4.0,2.28,1.3665,1.5459,0.3370297686,0.2460550459,0.4169151854
2024-25,2024-09-28,Riverside United,Westfield Wanderers,1,0,H,2.66,3.45,2.59,1.7482,1.4044,0.4572896304,0.2326407872,0.3100695824
2024-25,2024-09-29,Harrowgate Albion,Lakeside Rangers,1,0,H,2.19,3.62,3.07,2.1529,0.9405,0.6509861427,0.1955395948,0.1534742624
2024-25,2024-09-29,Portwell Town,Millbrook City,2,0,H,2.7,3.67,2.46,1.2559,0.8395,0.4604801451,0.2911956159,0.248324239
2024-25,2024-10-05,Ashford City,Thornbury Athletic,2,0,H,2.24,4.11,2.68,1.9872,1.3617,0.5203317406,0.217445303,0.2622229565
2024-25,2024-10-05,Castleton United,Fairhaven FC,3,1,H,2.56,3.01,3.07,1.185,1.0873,0.3815737754,0.2853042865,0.3331219381
2024-25,2024-10-05,Eastbrook Town,Northgate Athletic,1,0,H,2.69,3.11,2.79,1.2527,0.8311,0.4616754893,0.2919172837,0.246407227
2024-25,2024-10-05,Glenwood Wanderers,Stonebridge City,0,1,A,2.27,3.42,3.02,1.6569,1.2065,0.4790127998,0.2425712691,0.2784159311
2024-25,2024-10-05,Kingsport United,Ironbridge Town,1,2,A,2.18,3.75,3.01,1.3882,1.5069,0.3497428155,0.2475125379,0.4027446466
2024-25,2024-10-05,Oakvale Rovers,Millbrook City,3,1,H,2.03,3.88,3.18,2.5684,0.9935,0.7131506777,0.1624487625,0.1244005597
2024-25,2024-10-05,Queensbury FC,Bramley Rovers,2,0,H,2.13,3.69,3.24,1.4611,1.1117,0.4514744878,0.2607014991,0.2878240131
2024-25,2024-10-05,Riverside United,Dunmore Athletic,1,0,H,1.95,3.7,3.65,1.7146,1.4901,0.4315586803,0.2325628116,0.3358785081
2024-25,2024-10-06,Harrowgate Albion,Westfield Wanderers,3,3,D,3.16,3.86,2.12,1.7774,1.3521,0.4753286252,0.2316655554,0.2930058195
2024-25,2024-10-06,Portwell Town,Lakeside Rangers,1,1,D,2.03,3.53,3.53,1.3262,0.7757,0.4970749044,0.2842419093,0.2186831863
2024-25,2024-10-12,Ashford City,Fairhaven FC,5,2,H,1.93,3.63,3.81,2.2327,1.1577,0.6166002729,0.1961404138,0.1872593133
2024-25,2024-10-12,Bramley Rovers,Thornbury Athletic,3,4,A,2.91,4.45,2.01,1.4815,1.5727,0.3599791822,0.2402724565,0.3997483613
2024-25,2024-10-12,Castleton United,Stonebridge City,2,2,D,2.57,3.19,2.9,1.0867,1.052,0.3607213207,0.2962326298,0.3430460495
2024-25,2024-10-12,Eastbrook Town,Ironbridge Town,4,1,H,4.0,3.53,1.93,1.3476,1.6673,0.3106310464,0.2389990335,0.45036992
2024-25,2024-10-12,Glenwood Wanderers,Millbrook City,2,1,H,2.12,3.93,3.04,2.0507,1.1917,0.5718192433,0.2113969567,0.2167838
2024-25,2024-10-12,Harrowgate Albion,Dunmore Athletic,3,2,H,2.73,3.83,2.37,1.7813,1.3681,0.4727592144,0.2311691359,0.2960716497
2024-25,2024-10-12,Kingsport United,Queensbury FC,2,1,H,2.0,3.56,3.65,1.2909,0.944,0.4447878581,0.2829380882,0.2722740537
2024-25,2024-10-12,Riverside United,Northgate Athletic,3,0,H,1.79,3.84,4.39,1.4159,1.0392,0.4564185285,0.2669955596,0.2765859119
2024-25,2024-10-13,Oakvale Rovers,Lakeside Rangers,3,0,H,1.77,3.72,4.39,2.4013,0.7342,0.7434702891,0.1613229849,0.095206726
2024-25,2024-10-13,Portwell Town,Westfield Wanderers,1,0,H,2.56,3.27,2.75,1.2664,1.0777,0.4067111011,0.2789186729,0.314370226
2024-25,2024-10-19,Ashford City,Stonebridge City,1,0,H,2.31,3.49,2.97,2.0476,1.12,0.5875683154,0.2103556074,0.2020760773
2024-25,2024-10-19,Castleton United,Millbrook City,0,1,A,2.57,3.61,2.6,1.345,1.0391,0.4372900655,0.2736346333,0.2890753011
2024-25,2024-10-19,Eastbrook Town,Queensbury FC,0,1,A,3.21,3.39,2.18,1.2531,1.0444,0.410520431,0.2818834663,0.3075961027
2024-25,2024-10-19,Glenwood Wanderers,Lakeside Rangers,1,0,H,1.96,3.58,3.64,1.9173,0.8806,0.6169958009,0.2163222363,0.1666819629
2024-25,2024-10-19,Harrowgate Albion,Northgate Athletic,1,2,A,2.1,3.52,3.41,1.471,0.9541,0.4915290601,0.2636282345,0.2448427054
2024-25,2024-10-19,Kingsport United,Bramley Rovers,1,4,A,1.91,3.79,3.81,1.5286,1.0683,0.4790130915,0.255837112,0.2651497965
2024-25,2024-10-19,Riverside United,Ironbridge Town,3,0,H,2.62,3.5,2.6,1.5231,2.0847,0.2820928215,0.2110919365,0.5068152421
2024-25,2024-10-19,Thornbury Athletic,Fairhaven FC,4,0,H,1.61,4.75,4.47,1.9886,1.1979,0.557124315,0.2164117313,0.2264639538
2024-25,2024-10-20,Oakvale Rovers,Westfield Wanderers,0,2,A,2.4,3.68,2.72,2.2931,1.0199,0.6593180941,0.1863589388,0.1543229671
2024-25,2024-10-20,Portwell Town,Dunmore Athletic,2,2,D,2.79,3.7,2.37,1.2692,1.0905,0.404609467,0.2779954261,0.3173951069
2024-25,2024-10-26,Ashford City,Millbrook City,1,3,A,1.78,4.5,3.76,2.5343,1.1063,0.6832013238,0.1705871616,0.1462115147
2024-25,2024-10-26,Bramley Rovers,Fairhaven FC,3,0,H,2.42,3.55,2.78,1.6645,1.337,0.4519895813,0.2394310884,0.3085793303
2024-25,2024-10-26,Castleton United,Lakeside Rangers,3,1,H,1.85,3.51,4.28,1.2575,0.7678,0.4792824496,0.2936145198,0.2271030306
2024-25,2024-10-26,Eastbrook Town,Kingsport United,0,1,A,3.3,2.93,2.38,1.2042,1.0927,0.3858770574,0.2833528613,0.3307700814
2024-25,2024-10-26,Harrowgate Albion,Ironbridge Town,1,0,H,3.11,3.92,2.13,1.5824,1.914,0.3222184508,0.2199975907,0.4577839585
2024-25,2024-10-26,Portwell Town,Northgate Athletic,0,2,A,1.91,3.39,4.2,1.0481,0.7605,0.4166303905,0.3229712768,0.2603983327
2024-25,2024-10-26,Riverside United,Queensbury FC,3,1,H,1.72,3.88,4.42,1.4163,1.3059,0.3970807365,0.2565065769,0.3464126866
2024-25,2024-10-26,Thornbury Athletic,Stonebridge City,3,0,H,1.83,4.04,3.75,1.8237,1.159,0.5293080025,0.2295038296,0.2411881679
2024-25,2024-10-27,Glenwood Wanderers,Westfield Wanderers,2,0,H,2.83,3.73,2.3,1.8309,1.2234,0.5161977791,0.2289074257,0.2548947952
2024-25,2024-10-27,Oakvale Rovers,Dunmore Athletic,3,0,H,2.1,3.83,3.1,2.2981,1.032,0.6575067673,0.1864262279,0.1560670049
2024-25,2024-11-02,Ashford City,Lakeside Rangers,1,1,D,1.62,4.29,5.01,2.4716,0.7637,0.7479997755,0.1569622891,0.0950379354
2024-25,2024-11-02,Castleton United,Westfield Wanderers,1,2,A,2.72,3.25,2.63,1.3205,1.089,0.4190901969,0.2736634141,0.307246389
2024-25,2024-11-02,Eastbrook Town,Bramley Rovers,1,2,A,2.3,3.29,3.14,1.5249,1.2426,0.438323433,0.2516246899,0.3100518771
2024-25,2024-11-02,Fairhaven FC,Stonebridge City,0,0,D,2.52,3.22,2.89,1.4671,1.426,0.3851536171,0.248038018,0.3668083649
2024-25,2024-11-02,Harrowgate Albion,Queensbury FC,2,2,D,2.52,3.74,2.56,1.5294,1.2171,0.4450976194,0.2520703504,0.3028320302
2024-25,2024-11-02,Portwell Town,Ironbridge Town,1,5,A,3.41,3.43,2.13,1.1877,1.4334,0.3126181781,0.2603246178,0.427057204
2024-25,2024-11-02,Riverside United,Kingsport United,3,1,H,1.97,3.46,3.83,1.6504,1.1523,0.4898251716,0.2438866864,0.2662881421
2024-25,2024-11-02,Thornbury Athletic,Millbrook City,4,2,H,1.64,4.88,4.11,2.3884,1.145,0.6489582983,0.1834484192,0.1675932825
2024-25,2024-11-03,Glenwood Wanderers,Dunmore Athletic,2,4,A,2.34,3.84,2.79,1.8005,1.0789,0.542683827,0.2312108815,0.2261052914
2024-25,2024-11-03,Oakvale Rovers,Northgate Athletic,1,0,H,1.85,3.89,3.91,1.8668,0.6913,0.6541694244,0.214668586,0.1311619896
2024-25,2024-11-09,Ashford City,Westfield Wanderers,0,2,A,2.58,3.72,2.46,2.2369,1.1186,0.6262067589,0.1946351665,0.1791580747
2024-25,2024-11-09,Bramley Rovers,Stonebridge City,1,1,D,3.05,3.53,2.21,1.6975,1.2498,0.4790530882,0.2388107166,0.2821361952
2024-25,2024-11-09,Fairhaven FC,Millbrook City,1,0,H,2.26,3.72,2.86,1.7517,1.5618,0.4255219661,0.2286852942,0.3457927398
2024-25,2024-11-09,Harrowgate Albion,Kingsport United,2,1,H,2.66,3.42,2.6,1.6046,1.2369,0.4594195731,0.2459468608,0.2946335661
2024-25,2024-11-09,Oakvale Rovers,Ironbridge Town,3,1,H,2.62,3.72,2.43,2.199,1.247,0.5899636745,0.2009490165,0.2090873091
2024-25,2024-11-09,Portwell Town,Queensbury FC,1,1,D,2.34,3.42,2.95,1.0223,0.9851,0.3558337501,0.3077478379,0.336418412
2024-25,2024-11-09,Riverside United,Eastbrook Town,2,0,H,1.58,3.84,5.98,1.6037,1.1187,0.4861141076,0.2483130859,0.2655728064
2024-25,2024-11-09,Thornbury Athletic,Lakeside Rangers,6,1,H,1.49,5.13,5.49,2.441,0.7633,0.7432448067,0.1596521723,0.097103021
2024-25,2024-11-10,Castleton United,Dunmore Athletic,3,2,H,2.1,3.69,3.2,1.4216,1.062,0.4525723347,0.2657440657,0.2816835996
2024-25,2024-11-10,Glenwood Wanderers,Northgate Athletic,1,0,H,2.04,3.72,3.46,1.4083,0.7861,0.5172442104,0.2734295937,0.2093261959
2024-25,2024-11-16,Ashford City,Dunmore Athletic,2,1,H,1.92,4.29,3.36,2.408,1.0909,0.6644422878,0.1798055697,0.1557521424
2024-25,2024-11-16,Fairhaven FC,Lakeside Rangers,0,1,A,2.17,3.47,3.37,1.7902,1.0411,0.5493094692,0.2318902759,0.218800255
2024-25,2024-11-16,Harrowgate Albion,Eastbrook Town,1,4,A,1.94,3.3,4.13,1.5591,1.2008,0.4562233626,0.250260414,0.2935162234
2024-25,2024-11-16,Oakvale Rovers,Queensbury FC,1,1,D,2.02,3.75,3.41,1.8927,0.857,0.6175199246,0.2181395202,0.1643405553
2024-25,2024-11-16,Portwell Town,Kingsport United,1,2,A,2.59,3.15,2.83,1.0725,1.0011,0.3676227658,0.3015874125,0.3307898217
2024-25,2024-11-16,Riverside United,Bramley Rovers,2,0,H,1.7,4.08,4.57,1.9256,1.4371,0.4905715058,0.2211687072,0.2882597869
2024-25,2024-11-16,Stonebridge City,Millbrook City,3,0,H,1.9,4.08,3.59,1.6977,1.1861,0.4934859044,0.2396351762,0.2668789194
2024-25,2024-11-16,Thornbury Athletic,Westfield Wanderers,0,2,A,2.45,4.03,2.47,2.2091,1.118,0.6209195193,0.1968848166,0.1821956642
2024-25,2024-11-17,Castleton United,Northgate Athletic,0,1,A,2.13,3.33,3.57,1.1119,0.7738,0.4335840223,0.3131756233,0.2532403544
2024-25,2024-11-17,Glenwood Wanderers,Ironbridge Town,2,1,H,2.45,3.68,2.68,1.6588,1.4181,0.4333943945,0.2376915726,0.3289140329
2024-25,2024-11-23,Bramley Rovers,Millbrook City,0,1,A,2.44,3.98,2.55,2.0268,1.3688,0.5273397005,0.2147603162,0.2578999833
2024-25,2024-11-23,Fairhaven FC,Westfield Wanderers,0,1,A,3.25,3.38,2.18,1.6202,1.525,0.4023384655,0.2362873327,0.3613742018
2024-25,2024-11-23,Glenwood Wanderers,Queensbury FC,1,3,A,2.01,3.69,3.41,1.4278,0.9746,0.475057337,0.2676469406,0.2572957224
2024-25,2024-11-23,Harrowgate Albion,Riverside United,2,1,H,2.9,3.5,2.4,1.8031,1.5163,0.4465187142,0.2271385556,0.3263427301
2024-25,2024-11-23,Oakvale Rovers,Kingsport United,0,2,A,2.0,3.55,3.76,1.9857,0.8709,0.6339440136,0.2090148801,0.1570411063
2024-25,2024-11-23,Portwell Town,Eastbrook Town,1,0,H,2.1,2.96,4.29,1.0421,0.9719,0.3648633658,0.306946996,0.3281896382
2024-25,2024-11-23,Stonebridge City,Lakeside Rangers,1,0,H,1.78,3.81,4.44,1.735,0.7907,0.5987852534,0.2336517509,0.1675629957
2024-25,2024-11-23,Thornbury Athletic,Dunmore Athletic,4,2,H,1.82,4.73,3.45,2.3782,1.0903,0.6591745994,0.182172192,0.1586532086
2024-25,2024-11-24,Ashford City,Northgate Athletic,2,0,H,1.72,4.13,4.43,1.8835,0.7948,0.631158477,0.2170149021,0.151826621
2024-25,2024-11-24,Castleton United,Ironbridge Town,0,2,A,2.92,3.5,2.39,1.3098,1.3959,0.3513859055,0.2575914606,0.3910226338
2024-25,2024-11-30,Fairhaven FC,Dunmore Athletic,0,0,D,2.22,3.86,2.85,1.7441,1.4872,0.4389995907,0.231026423,0.3299739864
2024-25,2024-11-30,Glenwood Wanderers,Kingsport United,3,0,H,2.02,3.4,3.77,1.498,0.9904,0.4897454723,0.260222663,0.2500318647
2024-25,2024-11-30,Harrowgate Albion,Bramley Rovers,0,1,A,1.97,3.87,3.54,1.8721,1.5425,0.456646724,0.222898901,0.320454375
2024-25,2024-11-30,Millbrook City,Lakeside Rangers,2,1,H,1.84,3.99,3.7,1.9003,0.9441,0.5976852009,0.2197950411,0.182519758
2024-25,2024-11-30,Oakvale Rovers,Eastbrook Town,2,2,D,1.7,3.68,5.08,1.9294,0.8455,0.6283373051,0.2138962682,0.1577664267
2024-25,2024-11-30,Portwell Town,Riverside United,1,2,A,2.99,3.23,2.47,1.2052,1.2272,0.3574776063,0.2744175526,0.3681048411
2024-25,2024-11-30,Stonebridge City,Westfield Wanderers,1,2,A,3.55,3.64,2.01,1.5702,1.1581,0.4686669073,0.2503834857,0.280949607
2024-25,2024-11-30,Thornbury Athletic,Northgate Athletic,1,2,A,1.6,4.72,4.58,1.8601,0.7944,0.6261730668,0.2195789968,0.1542479364
2024-25,2024-12-01,Ashford City,Ironbridge Town,3,0,H,2.18,4.1,2.87,2.0118,1.5829,0.4789406744,0.2148165606,0.3062427649
2024-25,2024-12-01,Castleton United,Queensbury FC,2,5,A,2.4,3.39,2.92,1.0463,1.1685,0.3246226274,0.2894361439,0.3859412287
2024-25,2024-12-07,Bramley Rovers,Lakeside Rangers,3,2,H,2.62,3.55,2.53,1.8454,0.8429,0.6106418641,0.2227353375,0.1666227984
2024-25,2024-12-07,Castleton United,Kingsport United,1,1,D,2.72,2.98,2.89,1.166,1.1201,0.3690718156,0.2846221506,0.3463060338
2024-25,2024-12-07,Fairhaven FC,Northgate Athletic,2,0,H,2.2,3.4,3.26,0.9638,0.956,0.3439606082,0.3162429729,0.3397964189
2024-25,2024-12-07,Glenwood Wanderers,Eastbrook Town,0,1,A,1.82,3.37,4.75,1.5266,1.1199,0.4664624712,0.2548851173,0.2786524115
2024-25,2024-12-07,Millbrook City,Westfield Wanderers,1,1,D,2.88,3.96,2.22,1.325,1.5313,0.3294836911,0.2484423526,0.4220739563
2024-25,2024-12-07,Oakvale Rovers,Riverside United,0,1,A,2.37,3.42,2.92,1.9483,1.2051,0.5466917034,0.2196684765,0.2336398201
2024-25,2024-12-07,Portwell Town,Harrowgate Albion,2,0,H,2.12,3.47,3.45,1.3296,1.3386,0.3679361661,0.2599602838,0.3721035501
2024-25,2024-12-07,Stonebridge City,Dunmore Athletic,2,0,H,2.34,3.8,2.72,1.6356,1.1588,0.4847112026,0.2450157202,0.2702730773
2024-25,2024-12-08,Ashford City,Queensbury FC,1,1,D,2.02,3.96,3.2,1.6964,1.1148,0.5096848706,0.2403564863,0.2499586431
2024-25,2024-12-08,Thornbury Athletic,Ironbridge Town,2,0,H,2.12,4.3,2.87,2.3109,1.7865,0.4999269783,0.1984323954,0.3016406262
2024-25,2024-12-14,Castleton United,Eastbrook Town,0,1,A,2.26,2.9,3.7,1.1168,1.1081,0.3574860062,0.2893597286,0.3531542652
2024-25,2024-12-14,Fairhaven FC,Ironbridge Town,0,0,D,3.07,3.66,2.22,1.2351,1.9225,0.2439410232,0.2218575674,0.5342014094
2024-25,2024-12-14,Glenwood Wanderers,Riverside United,0,2,A,2.69,3.38,2.55,1.6092,1.4152,0.4221146373,0.2406655624,0.3372198002
2024-25,2024-12-14,Lakeside Rangers,Westfield Wanderers,1,0,H,3.19,3.6,2.15,0.9295,1.5471,0.2267127164,0.2559045443,0.5173827393
2024-25,2024-12-14,Millbrook City,Dunmore Athletic,0,2,A,2.51,4.04,2.4,1.7504,1.5155,0.4346185288,0.2299823377,0.3353991335
2024-25,2024-12-14,Oakvale Rovers,Harrowgate Albion,4,1,H,1.88,3.9,3.85,2.353,1.0948,0.6535624935,0.1843719218,0.1620655846
2024-25,2024-12-14,Portwell Town,Bramley Rovers,1,1,D,1.86,3.69,4.23,1.1392,1.2827,0.3282459117,0.2742601548,0.3974939335
2024-25,2024-12-14,Stonebridge City,Northgate Athletic,3,1,H,1.76,3.72,4.51,1.1248,0.75,0.4436634801,0.3127696857,0.2435668341
2024-25,2024-12-15,Ashford City,Kingsport United,0,4,A,1.94,3.65,3.7,1.8906,1.0686,0.5655934579,0.2230643266,0.2113422155
2024-25,2024-12-15,Thornbury Athletic,Queensbury FC,4,3,H,1.61,5.06,4.35,1.9487,1.2583,0.5347646689,0.2199637166,0.2452716145
2024-25,2024-12-21,Ashford City,Eastbrook Town,0,0,D,1.64,3.86,5.2,1.8107,1.0572,0.5502033277,0.2301389656,0.2196577067
2024-25,2024-12-21,Bramley Rovers,Westfield Wanderers,2,2,D,3.73,3.83,1.91,1.405,1.3462,0.3858123895,0.2552597495,0.358927861
2024-25,2024-12-21,Castleton United,Riverside United,1,1,D,3.23,3.2,2.33,1.1772,1.4003,0.3159853056,0.2632810923,0.4207336021
2024-25,2024-12-21,Glenwood Wanderers,Harrowgate Albion,2,1,H,2.0,3.68,3.62,1.9435,1.2857,0.5274996123,0.2204384022,0.2520619856
2024-25,2024-12-21,Lakeside Rangers,Dunmore Athletic,2,0,H,3.33,3.87,2.01,1.228,1.5312,0.305247627,0.2516174316,0.4431349414
2024-25,2024-12-21,Millbrook City,Northgate Athletic,1,0,H,2.04,3.93,3.15,1.2037,0.9809,0.4110485494,0.290141462,0.2988099886
2024-25,2024-12-21,Oakvale Rovers,Portwell Town,0,1,A,2.0,3.3,3.92,2.0297,0.7443,0.6743034563,0.1988862741,0.1268102696
2024-25,2024-12-21,Stonebridge City,Ironbridge Town,1,4,A,2.31,3.73,2.83,1.4413,1.5083,0.3625641582,0.2452121526,0.3922236892
2024-25,2024-12-22,Fairhaven FC,Queensbury FC,2,0,H,2.38,3.62,2.72,1.0415,1.354,0.2881106446,0.272699861,0.4391894944
2024-25,2024-12-22,Thornbury Athletic,Kingsport United,5,1,H,1.79,4.48,3.59,2.1717,1.2061,0.5935770349,0.2021661123,0.2042568529
2024-25,2024-12-28,Ashford City,Riverside United,1,0,H,2.73,3.71,2.4,1.9086,1.336,0.5086540916,0.2228872306,0.2684586778
2024-25,2024-12-28,Castleton United,Harrowgate Albion,1,1,D,2.24,3.32,3.29,1.4217,1.2722,0.4056159969,0.257679382,0.3367046211
2024-25,2024-12-28,Glenwood Wanderers,Portwell Town,1,0,H,2.17,3.29,3.42,1.6764,0.874,0.5635164708,0.2417798636,0.1947036656
2024-25,2024-12-28,Lakeside Rangers,Northgate Athletic,1,1,D,2.46,3.32,2.8,0.8445,0.991,0.2984392552,0.3237216563,0.3778390884
2024-25,2024-12-28,Millbrook City,Ironbridge Town,3,8,A,2.78,4.16,2.22,1.5424,1.9725,0.3038432025,0.2173948594,0.4787619381
2024-25,2024-12-28,Oakvale Rovers,Bramley Rovers,2,1,H,1.59,4.39,4.97,2.0161,1.0491,0.5974794982,0.2114943015,0.1910262002
2024-25,2024-12-28,Stonebridge City,Queensbury FC,0,2,A,2.38,3.67,2.79,1.2154,1.0623,0.3958062569,0.284260819,0.3199329242
2024-25,2024-12-28,Westfield Wanderers,Dunmore Athletic,4,0,H,1.91,3.94,3.59,1.9611,1.1657,0.5585036817,0.2182582947,0.2232380235
2024-25,2024-12-29,Fairhaven FC,Kingsport United,2,0,H,2.78,3.33,2.57,1.1607,1.2978,0.331131122,0.2719259021,0.3969429759
2024-25,2024-12-29,Thornbury Athletic,Eastbrook Town,2,1,H,1.61,4.36,5.01,2.0799,1.1932,0.577612678,0.2091061684,0.2132811536
2024-25,2025-01-04,Ashford City,Harrowgate Albion,5,1,H,1.71,4.25,4.19,2.2009,1.1146,0.6200893194,0.1974543305,0.1824563501
2024-25,2025-01-04,Bramley Rovers,Dunmore Athletic,4,4,D,3.09,4.24,2.05,1.9881,1.2715,0.5404148251,0.2170893154,0.2424958595
2024-25,2025-01-04,Castleton United,Portwell Town,0,1,A,2.77,2.91,2.9,1.0673,0.9211,0.3841053311,0.3084434934,0.3074511755
2024-25,2025-01-04,Glenwood Wanderers,Oakvale Rovers,1,2,A,2.26,3.57,2.96,1.2537,1.4381,0.3288269719,0.2573574627,0.4138155654
2024-25,2025-01-04,Lakeside Rangers,Ironbridge Town,3,1,H,3.52,3.81,1.93,1.1909,2.0455,0.217308794,0.2117979818,0.5708932241
2024-25,2025-01-04,Millbrook City,Queensbury FC,5,1,H,2.71,3.95,2.33,1.3657,1.7369,0.3029674353,0.2340983638,0.4629342009
2024-25,2025-01-04,Thornbury Athletic,Riverside United,3,2,H,2.08,4.15,2.97,2.0988,1.4415,0.5269894849,0.210214723,0.2627957921
2024-25,2025-01-04,Westfield Wanderers,Northgate Athletic,2,0,H,1.76,3.81,4.47,1.4915,0.6944,0.5639839538,0.2626017991,0.1734142471
2024-25,2025-01-05,Fairhaven FC,Eastbrook Town,1,1,D,2.08,3.02,4.06,1.0227,1.067,0.3384365762,0.300353001,0.3612104228
2024-25,2025-01-05,Stonebridge City,Kingsport United,1,1,D,2.2,3.35,3.36,1.4473,1.1364,0.4421994703,0.2610698528,0.296730677
2024-25,2025-01-11,Ashford City,Portwell Town,4,0,H,2.02,3.41,3.82,1.6238,0.7876,0.5728722022,0.2467164583,0.1804113395
2024-25,2025-01-11,Castleton United,Oakvale Rovers,2,2,D,3.36,3.36,2.2,0.9732,1.5694,0.2344602622,0.2532538831,0.5122858547
2024-25,2025-01-11,Dunmore Athletic,Northgate Athletic,0,1,A,1.62,4.21,4.85,1.3275,0.9624,0.4506506574,0.278349663,0.2709996796
2024-25,2025-01-11,Glenwood Wanderers,Bramley Rovers,1,1,D,1.8,3.89,4.1,1.5985,1.2475,0.4555636076,0.2461468997,0.2982894928
2024-25,2025-01-11,Lakeside Rangers,Queensbury FC,4,4,D,2.96,3.65,2.23,1.0513,1.5264,0.2611440072,0.2563639083,0.4824920845
2024-25,2025-01-11,Millbrook City,Kingsport United,2,2,D,2.64,3.77,2.42,1.5037,1.5315,0.3732419722,0.241367226,0.3853908017
2024-25,2025-01-11,Thornbury Athletic,Harrowgate Albion,4,1,H,1.49,5.07,5.23,2.9888,1.2972,0.7163163718,0.147463475,0.1362201532
2024-25,2025-01-11,Westfield Wanderers,Ironbridge Town,2,3,A,1.95,4.1,3.4,1.7944,1.5854,0.4305184859,0.2259638389,0.3435176752
2024-25,2025-01-12,Fairhaven FC,Riverside United,1,1,D,3.01,3.57,2.22,1.0829,1.3626,0.2978073542,0.2702690909,0.4319235548
2024-25,2025-01-12,Stonebridge City,Eastbrook Town,3,1,H,1.74,3.58,5.23,1.1617,1.0273,0.388214758,0.2913135531,0.3204716889
2024-25,2025-01-18,Ashford City,Oakvale Rovers,2,3,A,2.01,3.84,3.26,1.4807,1.342,0.4058307558,0.2509496116,0.3432196326
2024-25,2025-01-18,Bramley Rovers,Northgate Athletic,0,1,A,2.13,3.65,3.12,1.4403,0.8464,0.5103535326,0.2687287814,0.2209176861
2024-25,2025-01-18,Castleton United,Glenwood Wanderers,3,1,H,2.9,3.15,2.51,1.1221,1.2446,0.3309935893,0.2782611805,0.3907452302
2024-25,2025-01-18,Dunmore Athletic,Ironbridge Town,4,2,H,2.0,4.24,3.06,1.5972,2.197,0.2805677574,0.2045729692,0.5148592734
2024-25,2025-01-18,Fairhaven FC,Harrowgate Albion,1,1,D,1.86,3.6,4.15,1.5421,1.2261,0.4462893498,0.2508650803,0.3028455699
2024-25,2025-01-18,Lakeside Rangers,Kingsport United,1,1,D,3.11,3.35,2.32,1.1575,1.3459,0.3210025516,0.2683719031,0.4106255454
2024-25,2025-01-18,Thornbury Athletic,Portwell Town,4,0,H,1.77,4.2,3.94,2.2051,0.9167,0.6666325863,0.1897060456,0.1436613681
2024-25,2025-01-18,Westfield Wanderers,Queensbury FC,1,2,A,1.99,3.86,3.49,1.584,1.1831,0.4664271781,0.2487363021,0.2848365197
2024-25,2025-01-19,Millbrook City,Eastbrook Town,0,2,A,1.79,3.75,4.34,1.207,1.3845,0.3268314777,0.2631778611,0.4099906612
2024-25,2025-01-19,Stonebridge City,Riverside United,1,0,H,2.54,3.55,2.61,1.2301,1.3119,0.3470717769,0.2671475297,0.3857806934
2024-25,2025-01-25,Ashford City,Glenwood Wanderers,3,0,H,1.83,3.93,3.96,1.7072,1.0643,0.5242146494,0.2395928305,0.2361925201
2024-25,2025-01-25,Castleton United,Bramley Rovers,1,0,H,2.51,3.18,2.85,1.2408,1.3614,0.3401805164,0.2632131014,0.3966063822
2024-25,2025-01-25,Dunmore Athletic,Queensbury FC,1,1,D,1.86,4.25,3.56,1.4099,1.6395,0.3304330705,0.239063582,0.4305033475
2024-25,2025-01-25,Fairhaven FC,Portwell Town,1,1,D,2.27,3.27,3.31,1.1377,0.8665,0.4186288893,0.3041813914,0.2771897193
2024-25,2025-01-25,Lakeside Rangers,Eastbrook Town,3,0,H,2.3,3.02,3.39,0.9291,1.2167,0.28131869,0.2916185659,0.4270627441
2024-25,2025-01-25,Northgate Athletic,Ironbridge Town,4,4,D,2.9,3.94,2.19,1.0632,1.5917,0.2536490077,0.2501564573,0.496194535
2024-25,2025-01-25,Thornbury Athletic,Oakvale Rovers,2,1,H,1.8,4.48,3.66,2.0107,1.5619,0.4830144128,0.2150758034,0.3019097838
2024-25,2025-01-25,Westfield Wanderers,Kingsport United,2,0,H,1.9,3.85,3.83,1.744,1.0431,0.5380163973,0.2361867314,0.2257968713
2024-25,2025-01-26,Millbrook City,Riverside United,0,1,A,2.89,3.9,2.23,1.278,1.768,0.277335932,0.2332683189,0.4893957491
2024-25,2025-01-26,Stonebridge City,Harrowgate Albion,4,3,H,1.89,3.74,3.93,1.7517,1.1805,0.5076030739,0.2353388012,0.2570581249
2024-25,2025-02-01,Ashford City,Castleton United,6,1,H,1.8,3.77,4.26,2.0661,0.8059,0.6662785941,0.1980885938,0.135632812
2024-25,2025-02-01,Bramley Rovers,Ironbridge Town,1,2,A,3.62,3.89,1.88,1.9343,2.0237,0.378673547,0.2080230404,0.4133034126
2024-25,2025-02-01,Dunmore Athletic,Kingsport United,4,2,H,1.79,4.0,4.13,1.6746,1.3366,0.4544904138,0.2387748276,0.3067347586
2024-25,2025-02-01,Fairhaven FC,Oakvale Rovers,2,2,D,2.71,3.46,2.55,1.0429,1.4148,0.2777605889,0.2669781099,0.4552613011
2024-25,2025-02-01,Northgate Athletic,Queensbury FC,2,2,D,3.24,3.84,2.07,1.1655,1.1705,0.358229648,0.2810904604,0.3606798916
2024-25,2025-02-01,Stonebridge City,Portwell Town,1,0,H,2.09,3.16,3.87,1.5176,0.7548,0.5546103187,0.2595622196,0.1858274617
2024-25,2025-02-01,Thornbury Athletic,Glenwood Wanderers,0,0,D,1.85,4.41,3.48,2.6544,1.0631,0.712173665,0.1594043053,0.1284220297
2024-25,2025-02-01,Westfield Wanderers,Eastbrook Town,2,1,H,2.08,3.26,3.73,1.5001,0.8739,0.5191847861,0.2615021562,0.2193130577
2024-25,2025-02-02,Lakeside Rangers,Riverside United,0,1,A,3.52,3.4,2.07,1.165,1.3924,0.3142658669,0.2644045232,0.4213296099
2024-25,2025-02-02,Millbrook City,Harrowgate Albion,2,1,H,2.06,3.84,3.2,2.0748,1.53,0.503276899,0.2116489385,0.2850741624
2024-25,2025-02-08,Ashford City,Bramley Rovers,1,1,D,1.6,4.34,4.87,2.2038,1.0751,0.6296553931,0.1959752684,0.1743693385
2024-25,2025-02-08,Dunmore Athletic,Eastbrook Town,0,1,A,1.78,3.81,4.17,1.4449,1.2229,0.4222784304,0.258108879,0.3196126906
2024-25,2025-02-08,Fairhaven FC,Glenwood Wanderers,1,0,H,2.22,3.41,3.26,1.2692,1.0198,0.4207252869,0.2816571985,0.2976175145
2024-25,2025-02-08,Ironbridge Town,Queensbury FC,3,1,H,2.01,4.21,3.19,2.5578,1.6379,0.5767558743,0.1845863282,0.2386577975
2024-25,2025-02-08,Northgate Athletic,Kingsport United,2,2,D,2.75,3.41,2.53,1.1363,0.9505,0.3982527021,0.2989337071,0.3028135908
2024-25,2025-02-08,Stonebridge City,Oakvale Rovers,4,1,H,2.23,3.6,3.08,1.3308,1.398,0.3563854066,0.2564309585,0.3871836348
2024-25,2025-02-08,Thornbury Athletic,Castleton United,1,2,A,1.51,4.64,5.42,2.601,0.907,0.7368721305,0.1550244583,0.1081034112
2024-25,2025-02-08,Westfield Wanderers,Riverside United,2,0,H,2.6,3.72,2.47,1.4422,1.0826,0.4532418801,0.2632408737,0.2835172462
2024-25,2025-02-09,Lakeside Rangers,Harrowgate Albion,2,1,H,2.22,3.6,3.06,1.8928,1.355,0.5009715165,0.2238812241,0.2751472594
2024-25,2025-02-09,Millbrook City,Portwell Town,4,1,H,2.4,3.68,2.78,1.5052,0.9879,0.492235537,0.2595398661,0.2482245969
2024-25,2025-02-15,Bramley Rovers,Queensbury FC,1,2,A,3.41,3.77,1.99,1.6626,1.4971,0.4179592904,0.2351154972,0.3469252124
2024-25,2025-02-15,Dunmore Athletic,Riverside United,0,1,A,2.24,4.08,2.72,1.3892,1.5149,0.3484649337,0.2470131359,0.4045219304
2024-25,2025-02-15,Fairhaven FC,Castleton United,2,0,H,2.03,3.34,3.81,1.2436,0.87,0.4492977022,0.2913990145,0.2593032833
2024-25,2025-02-15,Ironbridge Town,Kingsport United,0,3,A,2.2,3.77,2.92,2.4937,1.3302,0.6282894394,0.1817943069,0.1899162538
2024-25,2025-02-15,Millbrook City,Oakvale Rovers,2,1,H,2.34,3.82,2.68,1.32,1.8296,0.2771867923,0.2284820725,0.4943311352
2024-25,2025-02-15,Northgate Athletic,Eastbrook Town,2,3,A,2.23,3.03,3.64,0.9805,0.8697,0.368574152,0.3227053094,0.3087205387
2024-25,2025-02-15,Stonebridge City,Glenwood Wanderers,3,2,H,2.47,3.35,2.93,1.6196,1.0076,0.5164606888,0.2480366002,0.235502711
2024-25,2025-02-15,Thornbury Athletic,Ashford City,1,1,D,1.83,4.79,3.29,2.2676,1.5083,0.5475154729,0.2000560787,0.2524284484
2024-25,2025-02-16,Lakeside Rangers,Portwell Town,1,2,A,2.62,3.16,2.75,1.3732,0.8748,0.484850515,0.2760629288,0.2390865562
2024-25,2025-02-16,Westfield Wanderers,Harrowgate Albion,0,1,A,1.65,4.05,4.87,2.3432,1.0535,0.660991493,0.1835377601,0.1554707469
2024-25,2025-02-22,Dunmore Athletic,Harrowgate Albion,1,3,A,1.58,4.54,4.71,2.2571,1.4742,0.552547152,0.20038972,0.2470631281
2024-25,2025-02-22,Fairhaven FC,Ashford City,2,1,H,2.96,3.68,2.3,1.0842,1.4467,0.2831595816,0.2627913306,0.4540490878
2024-25,2025-02-22,Ironbridge Town,Eastbrook Town,3,2,H,1.75,3.84,4.45,2.1517,1.217,0.5870849745,0.2039396986,0.2089753269
2024-25,2025-02-22,Millbrook City,Glenwood Wanderers,2,1,H,2.75,3.97,2.31,1.6064,1.3187,0.4419016437,0.2437399731,0.3143583832
2024-25,2025-02-22,Northgate Athletic,Riverside United,0,3,A,4.17,3.92,1.81,0.9426,1.0773,0.3120499057,0.3056951749,0.3822549194
2024-25,2025-02-22,Queensbury FC,Kingsport United,2,2,D,2.06,3.81,3.3,1.8448,1.1433,0.5377681453,0.2276965761,0.2345352786
2024-25,2025-02-22,Stonebridge City,Castleton United,0,1,A,2.03,3.26,3.86,1.587,0.8597,0.5451134149,0.2516490866,0.2032374984
2024-25,2025-02-22,Thornbury Athletic,Bramley Rovers,3,3,D,1.43,5.53,5.68,2.7743,1.21,0.7008855104,0.1577581337,0.1413563559
2024-25,2025-02-23,Lakeside Rangers,Oakvale Rovers,2,1,H,3.16,3.39,2.26,1.2042,1.6202,0.2839516239,0.2454595891,0.470588787
2024-25,2025-02-23,Westfield Wanderers,Portwell Town,2,2,D,2.03,3.4,3.83,1.6999,0.6802,0.6196226238,0.2347458322,0.1456315441
2024-25,2025-03-01,Bramley Rovers,Kingsport United,3,0,H,3.43,3.76,2.02,1.6218,1.3414,0.4407588261,0.242109034,0.3171321399
2024-25,2025-03-01,Fairhaven FC,Thornbury Athletic,3,4,A,2.84,4.14,2.21,1.3148,1.6164,0.3116386673,0.2431780159,0.4451833168
2024-25,2025-03-01,Ironbridge Town,Riverside United,1,3,A,2.24,3.84,2.92,1.8213,1.5301,0.4478006124,0.2258680682,0.3263313194
2024-25,2025-03-01,Lakeside Rangers,Glenwood Wanderers,0,1,A,2.44,3.47,2.84,1.3625,1.1205,0.4233487683,0.2687016959,0.3079495358
2024-25,2025-03-01,Millbrook City,Castleton United,0,0,D,2.02,3.59,3.45,1.7163,1.1196,0.5133218418,0.2386144479,0.2480637103
2024-25,2025-03-01,Northgate Athletic,Harrowgate Albion,3,1,H,2.2,3.56,3.13,1.501,1.238,0.4332963297,0.2535039464,0.3131997239
2024-25,2025-03-01,Queensbury FC,Eastbrook Town,3,1,H,1.8,3.55,4.64,1.6315,1.1699,0.4811812469,0.245176612,0.2736421411
2024-25,2025-03-01,Stonebridge City,Ashford City,2,3,A,2.21,3.6,3.0,1.4087,1.4757,0.3608159473,0.2483717267,0.390812326
2024-25,2025-03-02,Dunmore Athletic,Portwell Town,1,0,H,1.83,3.7,4.05,1.6048,1.0496,0.502695585,0.2491045149,0.2481999001
2024-25,2025-03-02,Westfield Wanderers,Oakvale Rovers,2,1,H,2.32,3.6,2.95,1.6233,1.2542,0.4601484771,0.244182634,0.2956688889
2024-25,2025-03-08,Fairhaven FC,Bramley Rovers,1,1,D,2.1,3.46,3.54,1.3861,1.1054,0.4330887467,0.2673314375,0.2995798158
2024-25,2025-03-08,Ironbridge Town,Harrowgate Albion,3,1,H,1.71,4.33,4.22,3.0196,1.5178,0.6786929354,0.1545122593,0.1667948053
2024-25,2025-03-08,Kingsport United,Eastbrook Town,1,0,H,1.86,3.37,4.66,1.4469,1.1258,0.4445094852,0.2614589974,0.2940315174
2024-25,2025-03-08,Lakeside Rangers,Castleton United,2,0,H,2.26,3.17,3.28,1.4165,1.0111,0.4632418599,0.2677796393,0.2689785008
2024-25,2025-03-08,Millbrook City,Ashford City,1,2,A,2.73,4.11,2.21,1.447,1.8799,0.2978241338,0.2238806965,0.4782951697
2024-25,2025-03-08,Northgate Athletic,Portwell Town,1,4,A,2.7,3.22,2.74,1.2107,0.8457,0.4456797524,0.2964720413,0.2578482063
2024-25,2025-03-08,Queensbury FC,Riverside United,1,0,H,2.57,3.6,2.56,1.4007,1.3397,0.3860529018,0.2558266451,0.358120453
2024-25,2025-03-08,Stonebridge City,Thornbury Athletic,2,2,D,2.93,4.04,2.1,1.6359,1.6746,0.3769716411,0.2297946433,0.3932337156
2024-25,2025-03-09,Dunmore Athletic,Oakvale Rovers,1,2,A,2.1,3.89,3.02,1.5309,1.787,0.3324610466,0.2276717364,0.439867217
2024-25,2025-03-09,Westfield Wanderers,Glenwood Wanderers,1,1,D,1.91,3.74,3.7,1.6807,0.886,0.5615397838,0.2414379309,0.1970222852
2024-25,2025-03-15,Bramley Rovers,Eastbrook Town,1,1,D,2.23,3.16,3.54,1.4141,1.1946,0.4204800241,0.2615191796,0.3180007963
2024-25,2025-03-15,Ironbridge Town,Portwell Town,1,0,H,1.86,3.75,3.98,2.4358,1.0368,0.681327902,0.1752267499,0.1434453481
2024-25,2025-03-15,Kingsport United,Riverside United,1,2,A,2.3,3.52,3.05,1.2422,1.2893,0.3548556719,0.2679807479,0.3771635803
2024-25,2025-03-15,Lakeside Rangers,Ashford City,1,2,A,2.79,3.69,2.38,1.1943,1.6977,0.2688204969,0.2395386458,0.4916408572
2024-25,2025-03-15,Millbrook City,Thornbury Athletic,1,1,D,2.8,4.62,2.07,1.6805,2.1333,0.3075153064,0.2076342808,0.4848504128
2024-25,2025-03-15,Queensbury FC,Harrowgate Albion,1,1,D,1.78,4.04,3.98,2.3224,1.3289,0.5963919273,0.1937202079,0.2098878648
2024-25,2025-03-15,Stonebridge City,Fairhaven FC,3,0,H,2.27,3.38,3.16,1.4542,0.9224,0.4949122476,0.2659802894,0.239107463
2024-25,2025-03-15,Westfield Wanderers,Castleton United,0,1,A,1.74,3.68,4.74,1.7474,0.7995,0.5993813196,0.2324492657,0.1681694147
2024-25,2025-03-16,Dunmore Athletic,Glenwood Wanderers,4,0,H,2.3,3.77,2.79,1.585,1.2624,0.4489545466,0.2467373916,0.3043080619
2024-25,2025-03-16,Northgate Athletic,Oakvale Rovers,2,0,H,3.01,3.55,2.27,1.1549,1.4398,0.302919204,0.2610391483,0.4360416477
2024-25,2025-03-22,Eastbrook Town,Riverside United,1,1,D,3.39,3.13,2.25,1.1063,1.1241,0.3510665549,0.2889212437,0.3600122014
2024-25,2025-03-22,Ironbridge Town,Oakvale Rovers,1,4,A,2.16,4.03,2.9,2.3235,1.7651,0.5066175593,0.1978751901,0.2955072506
2024-25,2025-03-22,Kingsport United,Harrowgate Albion,0,0,D,1.79,3.66,4.44,2.0595,1.2789,0.5540969994,0.211855343,0.2340476575
2024-25,2025-03-22,Lakeside Rangers,Thornbury Athletic,2,4,A,3.69,4.67,1.77,1.3869,1.9265,0.2770108247,0.2214483175,0.5015408578
2024-25,2025-03-22,Millbrook City,Fairhaven FC,1,1,D,2.19,3.72,3.08,1.4938,1.1751,0.4454778909,0.2560739108,0.2984481984
2024-25,2025-03-22,Queensbury FC,Portwell Town,1,0,H,1.86,3.7,4.11,1.8733,0.9078,0.6006581338,0.2215865306,0.1777553356
2024-25,2025-03-22,Stonebridge City,Bramley Rovers,3,0,H,1.88,3.57,4.18,1.7246,1.1452,0.5093374539,0.2377764838,0.2528860622
2024-25,2025-03-22,Westfield Wanderers,Ashford City,2,1,H,2.07,3.88,3.21,1.4732,1.3424,0.4038716889,0.2513862662,0.3447420449
2024-25,2025-03-23,Dunmore Athletic,Castleton United,0,0,D,1.54,4.24,6.26,1.6479,1.1392,0.4922448526,0.2442680895,0.263487058
2024-25,2025-03-23,Northgate Athletic,Glenwood Wanderers,0,0,D,2.52,3.54,2.65,1.1958,1.0171,0.4004244296,0.288771741,0.3108038294
2024-25,2025-03-29,Bramley Rovers,Riverside United,0,0,D,3.41,3.72,2.07,1.214,1.3681,0.33182304,0.2640410832,0.4041358768
2024-25,2025-03-29,Dunmore Athletic,Ashford City,2,3,A,1.92,4.3,3.27,1.3893,1.9127,0.2796979035,0.2223405844,0.4979615121
2024-25,2025-03-29,Eastbrook Town,Harrowgate Albion,0,1,A,2.18,3.26,3.48,1.8342,1.1151,0.5419082435,0.2284607625,0.229630994
2024-25,2025-03-29,Kingsport United,Portwell Town,1,0,H,2.01,3.28,3.93,1.6613,0.8736,0.5599651428,0.2434337203,0.1966011369
2024-25,2025-03-29,Lakeside Rangers,Fairhaven FC,3,2,H,2.42,3.3,2.94,1.2329,1.0612,0.4010077807,0.2827801935,0.3162120258
2024-25,2025-03-29,Millbrook City,Stonebridge City,4,1,H,2.26,3.65,2.88,1.5476,1.462,0.397620096,0.2423198574,0.3600600466
2024-25,2025-03-29,Queensbury FC,Oakvale Rovers,1,2,A,2.02,3.93,3.27,1.787,1.5456,0.4368676412,0.2273233708,0.335808988
2024-25,2025-03-29,Westfield Wanderers,Thornbury Athletic,3,2,H,2.28,4.29,2.67,1.7109,1.5234,0.4239059028,0.2318222373,0.3442718599
2024-25,2025-03-30,Ironbridge Town,Glenwood Wanderers,2,0,H,2.07,3.72,3.2,2.4058,1.2469,0.6299215258,0.1855624566,0.1845160176
2024-25,2025-03-30,Northgate Athletic,Castleton United,2,1,H,2.41,3.06,3.25,1.2432,0.9178,0.4374753836,0.2892665908,0.2732580257
2024-25,2025-04-05,Dunmore Athletic,Thornbury Athletic,4,1,H,2.02,4.52,3.03,1.7906,2.2535,0.3112315875,0.2010998509,0.4876685615
2024-25,2025-04-05,Eastbrook Town,Portwell Town,0,2,A,2.54,2.76,3.25,1.2617,0.7445,0.4866204808,0.2937967009,0.2195828183
2024-25,2025-04-05,Kingsport United,Oakvale Rovers,2,0,H,2.19,3.34,3.32,1.3916,1.4778,0.356177784,0.2490087582,0.3948134578
2024-25,2025-04-05,Lakeside Rangers,Stonebridge City,0,1,A,2.88,3.26,2.52,1.4384,1.5014,0.3631926385,0.2456968194,0.3911105421
2024-25,2025-04-05,Millbrook City,Bramley Rovers,3,3,D,2.02,4.12,3.14,1.691,1.3311,0.4595856819,0.2378031202,0.3026111979
2024-25,2025-04-05,Queensbury FC,Glenwood Wanderers,0,0,D,2.08,3.89,3.13,1.7424,0.9443,0.5616868927,0.2356067536,0.2027063538
2024-25,2025-04-05,Riverside United,Harrowgate Albion,2,0,H,1.65,4.03,5.22,1.9381,0.8334,0.6331927928,0.2125518847,0.1542553225
2024-25,2025-04-05,Westfield Wanderers,Fairhaven FC,1,2,A,1.88,3.82,3.96,1.7452,0.8827,0.5776979179,0.2344409078,0.1878611743
2024-25,2025-04-06,Ironbridge Town,Castleton United,2,1,H,1.75,3.85,4.35,2.194,1.0498,0.6335381837,0.1959647775,0.1704970388
2024-25,2025-04-06,Northgate Athletic,Ashford City,1,3,A,2.51,3.55,2.67,1.1609,1.6533,0.2679172591,0.2435339966,0.4885487443
2024-25,2025-04-12,Bramley Rovers,Harrowgate Albion,2,0,H,2.13,3.44,3.34,1.8175,1.2265,0.5124121376,0.2299382253,0.257649637
2024-25,2025-04-12,Dunmore Athletic,Fairhaven FC,3,0,H,1.7,4.28,4.17,1.666,1.2066,0.4811903436,0.2418624598,0.2769471967
2024-25,2025-04-12,Eastbrook Town,Oakvale Rovers,0,0,D,3.4,3.14,2.26,1.2634,1.3334,0.3516506025,0.2639118888,0.3844375087
2024-25,2025-04-12,Kingsport United,Glenwood Wanderers,0,1,A,2.28,3.6,3.03,1.4426,0.924,0.4914163707,0.2672098579,0.2413737714
2024-25,2025-04-12,Lakeside Rangers,Millbrook City,1,3,A,2.51,3.84,2.56,1.6351,1.4094,0.4295612133,0.2393351404,0.3311036462
2024-25,2025-04-12,Northgate Athletic,Thornbury Athletic,2,3,A,3.2,4.24,1.94,1.4127,1.9121,0.2849896506,0.2222114794,0.4927988699
2024-25,2025-04-12,Riverside United,Portwell Town,3,0,H,1.86,3.56,4.38,1.5425,0.5879,0.60649709,0.2535423631,0.1399605469
2024-25,2025-04-12,Westfield Wanderers,Stonebridge City,2,0,H,2.11,3.74,3.24,1.7047,1.1381,0.5062236368,0.2394972333,0.2542791299
2024-25,2025-04-13,Ironbridge Town,Ashford City,2,0,H,2.03,3.92,3.31,2.0888,2.0211,0.4109536962,0.203870361,0.3851759428
2024-25,2025-04-13,Queensbury FC,Castleton United,2,1,H,1.82,3.61,4.38,1.7106,0.8617,0.574848124,0.2378514922,0.1873003839
2024-25,2025-04-19,Dunmore Athletic,Stonebridge City,1,1,D,1.89,3.81,3.67,1.6273,1.5558,0.3979002687,0.2348159779,0.3672837534
2024-25,2025-04-19,Eastbrook Town,Glenwood Wanderers,1,0,H,2.68,3.03,2.82,1.3097,0.8337,0.4774337942,0.2847824386,0.2377837672
2024-25,2025-04-19,Harrowgate Albion,Portwell Town,1,2,A,2.62,3.07,2.81,1.4685,0.9819,0.4840697624,0.2633456838,0.2525845538
2024-25,2025-04-19,Kingsport United,Castleton United,0,1,A,1.83,3.36,4.86,1.4162,0.8431,0.5046796678,0.2716426372,0.223677695
2024-25,2025-04-19,Lakeside Rangers,Bramley Rovers,1,0,H,2.08,3.57,3.36,1.4841,1.3346,0.4082429777,0.251045032,0.3407119903
2024-25,2025-04-19,Northgate Athletic,Fairhaven FC,0,2,A,2.79,3.29,2.59,1.3144,1.0239,0.4324152006,0.2771539461,0.2904308533
2024-25,2025-04-19,Riverside United,Oakvale Rovers,2,0,H,1.82,3.79,4.1,1.5446,1.0529,0.4867458836,0.2546499298,0.2586041866
2024-25,2025-04-19,Westfield Wanderers,Millbrook City,0,0,D,1.67,4.55,4.38,1.9378,1.0684,0.576067448,0.2188580717,0.2050744802
2024-25,2025-04-20,Ironbridge Town,Thornbury Athletic,1,1,D,2.61,4.68,2.23,2.5419,2.3376,0.4432240013,0.1852594968,0.3715165019
2024-25,2025-04-20,Queensbury FC,Ashford City,1,3,A,2.24,3.85,2.8,1.6286,1.659,0.3782416371,0.2307085301,0.3910498328
2024-25,2025-04-26,Bramley Rovers,Portwell Town,1,1,D,2.86,3.25,2.57,1.4465,0.8652,0.5072147965,0.2677552183,0.2250299851
2024-25,2025-04-26,Dunmore Athletic,Millbrook City,3,0,H,1.76,4.5,3.92,1.8498,1.4605,0.4687036541,0.2255060072,0.3057903387
2024-25,2025-04-26,Eastbrook Town,Castleton United,0,1,A,2.57,2.78,3.3,1.2857,0.7607,0.4893816877,0.2900220101,0.2205963022
2024-25,2025-04-26,Harrowgate Albion,Oakvale Rovers,0,3,A,3.06,3.44,2.34,1.4705,1.7587,0.3235727435,0.2306086136,0.445818643
2024-25,2025-04-26,Ironbridge Town,Fairhaven FC,2,0,H,2.14,3.89,3.02,2.365,1.2517,0.6212687785,0.1886998561,0.1900313655
2024-25,2025-04-26,Northgate Athletic,Stonebridge City,1,3,A,2.5,3.24,2.95,1.2839,1.3201,0.3597048182,0.2636222564,0.3766729254
2024-25,2025-04-26,Riverside United,Glenwood Wanderers,0,0,D,1.74,4.07,4.22,1.6011,0.6583,0.6017312818,0.2470885823,0.1511801359
2024-25,2025-04-26,Westfield Wanderers,Lakeside Rangers,0,0,D,1.89,3.88,3.78,1.9428,0.9377,0.6085139933,0.2154462496,0.1760397571
2024-25,2025-04-27,Kingsport United,Ashford City,4,1,H,2.4,3.63,2.75,1.3484,1.6233,0.3185585469,0.2418200379,0.4396214152
2024-25,2025-04-27,Queensbury FC,Thornbury Athletic,3,1,H,2.64,4.45,2.23,1.9819,1.9187,0.4074306621,0.2097815477,0.3827877903
2024-25,2025-05-03,Dunmore Athletic,Lakeside Rangers,1,3,A,1.85,3.98,3.74,1.9565,1.101,0.5725076089,0.2177551713,0.2097372199
2024-25,2025-05-03,Eastbrook Town,Ashford City,2,0,H,3.59,3.32,2.15,1.1723,1.474,0.3012767488,0.2577218377,0.4410014135
2024-25,2025-05-03,Harrowgate Albion,Glenwood Wanderers,0,1,A,2.48,3.59,2.65,1.256,1.0906,0.4009024288,0.2791089145,0.3199886567
2024-25,2025-05-03,Ironbridge Town,Stonebridge City,2,2,D,2.28,3.67,2.92,2.1659,1.4885,0.5310098227,0.206174746,0.2628154314
2024-25,2025-05-03,Northgate Athletic,Millbrook City,4,3,H,2.06,3.93,3.28,1.462,1.4219,0.3847310893,0.2484935741,0.3667753366
2024-25,2025-05-03,Portwell Town,Oakvale Rovers,1,3,A,3.06,3.19,2.46,1.08,1.3481,0.299678153,0.2716587632,0.4286630838
2024-25,2025-05-03,Riverside United,Castleton United,4,1,H,1.71,3.64,5.05,1.5216,0.5665,0.6071797247,0.256092298,0.1367279773
2024-25,2025-05-03,Westfield Wanderers,Bramley Rovers,5,2,H,1.86,4.04,3.68,1.6276,0.9743,0.5265614015,0.2473792131,0.2260593853
2024-25,2025-05-04,Kingsport United,Thornbury Athletic,3,1,H,2.59,4.05,2.33,1.7738,1.7873,0.3869179876,0.2206692188,0.3924127936
2024-25,2025-05-04,Queensbury FC,Fairhaven FC,2,0,H,2.24,4.0,2.85,1.8078,1.0334,0.5552195006,0.2301929809,0.2145875184
