review,sentiment
Overall this pair of headphones is really well made.,positive
"Well, this phone case stopped working after a week",negative
Overall this keyboard is exactly as described,positive
"So, this pair of running shoes arrived quickly and works great!",positive
Overall this pair of headphones is one I'd buy again. Five stars.,positive
"So, this phone case is worse than I expected.",negative
This coffee grinder is far too noisy.,negative
"Honestly, this pair of headphones went straight back to the shop.",negative
"Well, this backpack is one I would not recommend.",negative
Overall this backpack broke on the first day,negative
"So, this keyboard is exactly as described",positive
"So, this keyboard went straight back to the shop.",negative
Overall this backpack arrived quickly and works great.,positive
"So, this pair of running shoes is a joy to use.",positive
"Well, this coffee grinder is cheap and flimsy. One star.",negative
This phone case is not as described for the price.,negative
"Well, this coffee grinder is one I would not recommend!",negative
"Honestly, this water bottle is really well made.",positive
"So, this blender is a complete waste of money.",negative
"Honestly, this coffee grinder is great value for money. Five stars.",positive
Overall this pair of headphones works perfectly.,positive
"Honestly, this desk lamp went straight back to the shop for the price.",negative
"To be fair, this pair of running shoes is one I would not recommend.",negative
"To be fair, this blender went straight back to the shop.",negative
This coffee grinder left me really disappointed. One star.,negative
"Honestly, this backpack works perfectly",positive
This desk lamp is one I'd buy again for the price.,positive
"To be fair, this phone case is a joy to use!",positive
"Honestly, this kettle went straight back to the shop. One star.",negative
This pair of running shoes went straight back to the shop. One star.,negative
"So, this pair of headphones is one I would not recommend!",negative
"So, this kettle is worse than I expected. One star.",negative
"Well, this kettle is not great.",negative
"So, this coffee grinder is my favourite purchase this year!",positive
This keyboard broke on the first day!,negative
Overall this kettle is a complete waste of money.,negative
"To be fair, this phone case is my favourite purchase this year!",positive
"Well, this water bottle works perfectly!",positive
"So, this backpack works perfectly",positive
Overall this water bottle is far too noisy.,negative
Overall this pair of running shoes stopped working after a week for the price.,negative
"Honestly, this keyboard went straight back to the shop. One star.",negative
"Honestly, this desk lamp is super easy to use!",positive
"So, this blender broke on the first day.",negative
"Well, this keyboard is not great",negative
This pair of running shoes is exactly as described.,positive
"Well, this blender is a joy to use. Five stars.",positive
"Honestly, this pair of headphones is a complete waste of money.",negative
This pair of running shoes broke on the first day.,negative
"Honestly, this backpack is a joy to use!",positive
This coffee grinder is one I would not recommend for the price.,negative
"To be fair, this kettle is better than I expected.",positive
"So, this keyboard stopped working after a week",negative
"So, this pair of running shoes is cheap and flimsy",negative
"To be fair, this pair of running shoes is super easy to use.",positive
This backpack left me really disappointed,negative
"Honestly, this keyboard is super easy to use for the price.",positive
"Honestly, this pair of headphones is not great!",negative
"Well, this pair of running shoes is terrible quality.",negative
Overall this kettle left me really disappointed!,negative
"Well, this backpack is terrible quality",negative
"To be fair, this pair of headphones left me really disappointed.",negative
Overall this backpack is a joy to use!,positive
"So, this desk lamp is cheap and flimsy.",negative
"So, this desk lamp is worse than I expected. One star.",negative
"Honestly, this desk lamp is terrible quality.",negative
Overall this phone case is cheap and flimsy.,negative
"So, this backpack works perfectly",positive
"So, this phone case is a complete waste of money.",negative
Overall this pair of headphones is great value for money!,positive
"To be fair, this coffee grinder is exactly as described for the price.",positive
This water bottle left me really disappointed,negative
"Honestly, this pair of running shoes is a complete waste of money!",negative
This phone case is better than I expected. Five stars.,positive
Overall this pair of headphones arrived quickly and works great. Five stars.,positive
"Well, this phone case is not bad at all.",positive
"Honestly, this blender is excellent quality. Five stars.",positive
"So, this coffee grinder broke on the first day.",negative
"To be fair, this keyboard works perfectly. Five stars.",positive
"So, this blender stopped working after a week",negative
"Well, this keyboard went straight back to the shop.",negative
"Well, this backpack is terrible quality. One star.",negative
"Well, this coffee grinder left me really disappointed. One star.",negative
Overall this backpack is not great.,negative
"Well, this desk lamp is terrible quality!",negative
This phone case went straight back to the shop.,negative
"To be fair, this backpack is a joy to use for the price.",positive
"Honestly, this desk lamp works perfectly.",positive
Overall this blender is not great!,negative
"Well, this blender is super easy to use for the price.",positive
"To be fair, this backpack is worse than I expected. One star.",negative
"So, this keyboard arrived quickly and works great. Five stars.",positive
"To be fair, this backpack is excellent quality. Five stars.",positive
"So, this phone case is one I would not recommend",negative
This coffee grinder is super easy to use,positive
"So, this keyboard stopped working after a week for the price.",negative
Overall this pair of headphones is better than I expected. Five stars.,positive
"Honestly, this kettle is not great",negative
"So, this coffee grinder stopped working after a week!",negative
Overall this pair of headphones left me really disappointed.,negative
"Honestly, this pair of running shoes is not great.",negative
Overall this keyboard is not great,negative
This water bottle went straight back to the shop.,negative
"Well, this pair of running shoes is great value for money.",positive
This pair of headphones is really well made for the price.,positive
"To be fair, this coffee grinder is terrible quality",negative
This kettle is really well made.,positive
"So, this kettle is a joy to use.",positive
"Well, this desk lamp left me really disappointed",negative
"To be fair, this desk lamp stopped working after a week",negative
"Honestly, this phone case is not bad at all.",positive
"Honestly, this keyboard is cheap and flimsy",negative
Overall this backpack is exactly as described.,positive
Overall this blender broke on the first day for the price.,negative
This backpack arrived quickly and works great.,positive
Overall this blender works perfectly. Five stars.,positive
Overall this pair of headphones is one I'd buy again!,positive
This water bottle is worse than I expected,negative
"Well, this kettle left me really disappointed!",negative
This blender is one I would not recommend. One star.,negative
"Well, this water bottle is not great for the price.",negative
"So, this desk lamp is my favourite purchase this year.",positive
"To be fair, this pair of running shoes is exactly as described. Five stars.",positive
"Honestly, this backpack is cheap and flimsy. One star.",negative
"Honestly, this pair of running shoes is one I would not recommend",negative
This phone case is worse than I expected.,negative
This pair of headphones works perfectly.,positive
Overall this coffee grinder is my favourite purchase this year for the price.,positive
"To be fair, this kettle is one I'd buy again.",positive
"So, this coffee grinder is cheap and flimsy. One star.",negative
"So, this water bottle went straight back to the shop for the price.",negative
"So, this coffee grinder arrived quickly and works great",positive
Overall this backpack broke on the first day.,negative
"Honestly, this desk lamp is one I'd buy again!",positive
"To be fair, this pair of headphones is really well made.",positive
Overall this water bottle is a joy to use.,positive
"To be fair, this kettle is a joy to use!",positive
This backpack went straight back to the shop.,negative
"Well, this desk lamp is better than I expected. Five stars.",positive
Overall this coffee grinder broke on the first day. One star.,negative
This pair of running shoes is exactly as described. Five stars.,positive
This pair of headphones is one I'd buy again,positive
"Well, this water bottle broke on the first day!",negative
This water bottle arrived quickly and works great.,positive
"Well, this water bottle is not bad at all for the price.",positive
Overall this pair of headphones is great value for money.,positive
"So, this pair of headphones went straight back to the shop!",negative
"So, this keyboard is one I'd buy again. Five stars.",positive
"To be fair, this pair of running shoes is worse than I expected for the price.",negative
This phone case is not bad at all!,positive
Overall this kettle is great value for money.,positive
Overall this kettle is terrible quality,negative
Overall this blender is a complete waste of money.,negative
Overall this desk lamp is better than I expected.,positive
"So, this kettle is super easy to use",positive
This water bottle left me really disappointed.,negative
"Well, this blender is great value for money.",positive
"Honestly, this keyboard arrived quickly and works great",positive
"So, this keyboard is not as described",negative
"Honestly, this pair of headphones stopped working after a week. One star.",negative
"Well, this pair of headphones left me really disappointed",negative
"To be fair, this phone case is not bad at all for the price.",positive
Overall this pair of running shoes is a complete waste of money!,negative
"So, this water bottle is not as described!",negative
Overall this pair of running shoes is really well made,positive
This kettle is better than I expected. Five stars.,positive
"To be fair, this kettle is not great. One star.",negative
"Well, this phone case arrived quickly and works great!",positive
This desk lamp is far too noisy. One star.,negative
"Honestly, this keyboard is one I'd buy again",positive
"To be fair, this backpack went straight back to the shop for the price.",negative
"To be fair, this keyboard is not bad at all!",positive
Overall this kettle is far too noisy!,negative
"So, this keyboard broke on the first day",negative
"So, this pair of running shoes is really well made.",positive
"Well, this blender arrived quickly and works great.",positive
"Honestly, this desk lamp arrived quickly and works great. Five stars.",positive
"Honestly, this coffee grinder works perfectly for the price.",positive
This keyboard is a joy to use!,positive
This blender is not great,negative
"To be fair, this pair of headphones is cheap and flimsy.",negative
This blender is worse than I expected. One star.,negative
This desk lamp is far too noisy,negative
Overall this keyboard is one I would not recommend.,negative
"So, this pair of running shoes is far too noisy. One star.",negative
"To be fair, this desk lamp is far too noisy!",negative
"So, this pair of running shoes is cheap and flimsy.",negative
"Honestly, this kettle is not bad at all. Five stars.",positive
"Honestly, this pair of running shoes is a joy to use. Five stars.",positive
Overall this desk lamp is great value for money,positive
Overall this backpack stopped working after a week for the price.,negative
"To be fair, this pair of headphones is a complete waste of money",negative
This pair of headphones arrived quickly and works great.,positive
"To be fair, this pair of headphones left me really disappointed",negative
"So, this pair of headphones is terrible quality.",negative
This pair of headphones is really well made!,positive
This backpack arrived quickly and works great.,positive
This blender is excellent quality,positive
Overall this kettle is not bad at all for the price.,positive
This kettle is my favourite purchase this year.,positive
Overall this desk lamp is my favourite purchase this year. Five stars.,positive
Overall this blender is my favourite purchase this year for the price.,positive
"Well, this kettle is one I would not recommend.",negative
This water bottle is a joy to use. Five stars.,positive
"Well, this desk lamp is excellent quality",positive
"Well, this water bottle is one I'd buy again",positive
This desk lamp is great value for money. Five stars.,positive
This blender is a joy to use.,positive
"Honestly, this pair of headphones is exactly as described.",positive
This pair of headphones went straight back to the shop. One star.,negative
"So, this keyboard is excellent quality.",positive
This backpack works perfectly. Five stars.,positive
Overall this desk lamp is my favourite purchase this year,positive
"To be fair, this phone case is not as described.",negative
"Well, this desk lamp works perfectly",positive
"So, this keyboard broke on the first day for the price.",negative
This pair of headphones arrived quickly and works great. Five stars.,positive
This blender is cheap and flimsy.,negative
"To be fair, this backpack is great value for money.",positive
"To be fair, this backpack is really well made for the price.",positive
This blender is really well made,positive
"Honestly, this water bottle is my favourite purchase this year.",positive
This desk lamp is excellent quality for the price.,positive
Overall this kettle is one I would not recommend!,negative
"Honestly, this keyboard went straight back to the shop for the price.",negative
"So, this pair of headphones is super easy to use. Five stars.",positive
This keyboard is super easy to use.,positive
"To be fair, this coffee grinder is not great. One star.",negative
"To be fair, this pair of headphones works perfectly for the price.",positive
"To be fair, this backpack is exactly as described",positive
"To be fair, this keyboard is worse than I expected.",negative
This backpack is not bad at all. Five stars.,positive
This pair of headphones is my favourite purchase this year for the price.,positive
"Well, this keyboard is not bad at all",positive
"To be fair, this pair of running shoes is worse than I expected.",negative
"So, this pair of running shoes is one I would not recommend.",negative
This keyboard is cheap and flimsy,negative
"Well, this desk lamp is not as described.",negative
"Honestly, this kettle is a complete waste of money.",negative
"So, this blender is not bad at all",positive
"Honestly, this keyboard is a complete waste of money",negative
"Honestly, this pair of headphones is one I'd buy again. Five stars.",positive
"So, this water bottle is worse than I expected.",negative
Overall this pair of headphones left me really disappointed for the price.,negative
This keyboard went straight back to the shop.,negative
"Well, this water bottle is better than I expected.",positive
"So, this pair of running shoes is one I would not recommend",negative
This water bottle is really well made for the price.,positive
"Well, this coffee grinder is really well made.",positive
This blender is exactly as described!,positive
Overall this blender is my favourite purchase this year for the price.,positive
Overall this coffee grinder is really well made.,positive
This phone case went straight back to the shop,negative
Overall this pair of running shoes is a complete waste of money.,negative
This backpack stopped working after a week for the price.,negative
"Honestly, this keyboard went straight back to the shop for the price.",negative
"To be fair, this water bottle is terrible quality",negative
Overall this keyboard is a joy to use.,positive
This backpack is super easy to use for the price.,positive
"Honestly, this kettle is super easy to use!",positive
"So, this backpack is far too noisy.",negative
"Well, this phone case is a complete waste of money for the price.",negative
"So, this phone case works perfectly. Five stars.",positive
"Well, this keyboard is not great.",negative
"So, this pair of headphones arrived quickly and works great.",positive
"Honestly, this kettle is one I'd buy again.",positive
This desk lamp is exactly as described!,positive
"Well, this backpack broke on the first day.",negative
This coffee grinder is cheap and flimsy,negative
Overall this water bottle is not as described.,negative
Overall this coffee grinder left me really disappointed.,negative
"So, this backpack is a complete waste of money.",negative
"Well, this pair of running shoes is terrible quality!",negative
This backpack is one I'd buy again. Five stars.,positive
"Well, this kettle left me really disappointed",negative
"So, this water bottle is my favourite purchase this year. Five stars.",positive
"Honestly, this coffee grinder is a complete waste of money",negative
Overall this pair of headphones is cheap and flimsy!,negative
Overall this water bottle is not as described.,negative
This kettle went straight back to the shop,negative
This desk lamp arrived quickly and works great.,positive
"Well, this keyboard is terrible quality",negative
"Honestly, this keyboard is cheap and flimsy!",negative
"Honestly, this coffee grinder is not bad at all!",positive
This coffee grinder is a joy to use!,positive
"So, this blender left me really disappointed for the price.",negative
"Well, this desk lamp is a joy to use for the price.",positive
"To be fair, this desk lamp is one I'd buy again.",positive
"Well, this backpack is not as described.",negative
Overall this backpack is one I'd buy again!,positive
"To be fair, this coffee grinder is not great",negative
"To be fair, this pair of running shoes is not great.",negative
This keyboard left me really disappointed. One star.,negative
"So, this pair of running shoes is exactly as described.",positive
"Well, this desk lamp is my favourite purchase this year.",positive
This blender is a joy to use!,positive
"To be fair, this desk lamp is better than I expected",positive
"Honestly, this blender is my favourite purchase this year!",positive
"To be fair, this desk lamp is super easy to use!",positive
"Well, this backpack is one I'd buy again for the price.",positive
This water bottle is not great!,negative
Overall this blender is worse than I expected,negative
"Honestly, this pair of headphones went straight back to the shop.",negative
"To be fair, this kettle left me really disappointed for the price.",negative
Overall this pair of running shoes is my favourite purchase this year. Five stars.,positive
"To be fair, this keyboard is great value for money for the price.",positive
Overall this blender is great value for money. Five stars.,positive
This desk lamp is one I would not recommend,negative
"Well, this phone case is really well made",positive
"To be fair, this keyboard is a complete waste of money.",negative
This keyboard is a joy to use!,positive
"To be fair, this blender is terrible quality. One star.",negative
"So, this coffee grinder is a complete waste of money",negative
This desk lamp is a joy to use.,positive
"Well, this kettle is one I would not recommend.",negative
This pair of running shoes is better than I expected.,positive
"Honestly, this coffee grinder arrived quickly and works great",positive
Overall this water bottle is really well made. Five stars.,positive
Overall this coffee grinder is cheap and flimsy!,negative
Overall this kettle is not as described.,negative
"To be fair, this desk lamp is not great!",negative
"Well, this desk lamp is not great!",negative
"To be fair, this keyboard is far too noisy.",negative
"To be fair, this keyboard is excellent quality. Five stars.",positive
Overall this desk lamp stopped working after a week. One star.,negative
"Well, this blender is cheap and flimsy.",negative
This backpack went straight back to the shop,negative
"To be fair, this coffee grinder works perfectly.",positive
"So, this coffee grinder is not as described for the price.",negative
"To be fair, this pair of running shoes is better than I expected for the price.",positive
"So, this backpack is a joy to use.",positive
Overall this desk lamp is one I'd buy again!,positive
"So, this kettle is great value for money. Five stars.",positive
Overall this pair of running shoes is not great.,negative
"So, this pair of running shoes is one I would not recommend. One star.",negative
"Well, this blender is really well made.",positive
"Honestly, this desk lamp is not great!",negative
"To be fair, this water bottle is excellent quality!",positive
This keyboard works perfectly for the price.,positive
Overall this pair of running shoes is excellent quality.,positive
"Well, this pair of headphones went straight back to the shop!",negative
Overall this coffee grinder broke on the first day.,negative
Overall this desk lamp is great value for money.,positive
"Honestly, this kettle works perfectly.",positive
"Well, this pair of headphones is one I'd buy again",positive
"To be fair, this blender is terrible quality!",negative
Overall this coffee grinder is far too noisy. One star.,negative
This kettle is really well made.,positive
"Honestly, this backpack is really well made",positive
"Well, this backpack is one I would not recommend",negative
"So, this desk lamp is cheap and flimsy for the price.",negative
"So, this desk lamp works perfectly",positive
"So, this blender stopped working after a week. One star.",negative
This blender works perfectly,positive
This desk lamp is a joy to use. Five stars.,positive
Overall this water bottle is not great.,negative
"Honestly, this desk lamp went straight back to the shop. One star.",negative
This phone case is not as described for the price.,negative
"To be fair, this kettle is a complete waste of money.",negative
Overall this kettle is one I'd buy again!,positive
"To be fair, this backpack is not as described.",negative
"Well, this phone case is a joy to use.",positive
"Well, this pair of running shoes is one I would not recommend for the price.",negative
"To be fair, this phone case is great value for money for the price.",positive
"To be fair, this keyboard is not as described for the price.",negative
This phone case is excellent quality!,positive
Overall this coffee grinder is excellent quality.,positive
Overall this blender is not great for the price.,negative
"So, this pair of running shoes is better than I expected!",positive
"So, this coffee grinder is not as described for the price.",negative
"So, this phone case is my favourite purchase this year.",positive
"To be fair, this coffee grinder is really well made!",positive
"So, this backpack is worse than I expected.",negative
"Well, this kettle is better than I expected. Five stars.",positive
Overall this desk lamp is not as described for the price.,negative
Overall this backpack is not bad at all.,positive
"To be fair, this pair of running shoes is cheap and flimsy.",negative
"To be fair, this water bottle is my favourite purchase this year.",positive
Overall this coffee grinder is one I would not recommend!,negative
"So, this water bottle is a complete waste of money. One star.",negative
"Well, this pair of running shoes stopped working after a week for the price.",negative
This backpack is a complete waste of money for the price.,negative
"So, this pair of running shoes works perfectly!",positive
"Honestly, this keyboard is exactly as described for the price.",positive
"Honestly, this kettle is great value for money",positive
"To be fair, this kettle is cheap and flimsy",negative
Overall this pair of running shoes went straight back to the shop,negative
"Honestly, this phone case is great value for money. Five stars.",positive
"To be fair, this water bottle is really well made. Five stars.",positive
"Well, this coffee grinder is a joy to use.",positive
"To be fair, this blender is not as described!",negative
Overall this blender stopped working after a week!,negative
This pair of running shoes is great value for money. Five stars.,positive
This coffee grinder is one I would not recommend for the price.,negative
"To be fair, this kettle is a joy to use. Five stars.",positive
"Honestly, this phone case went straight back to the shop for the price.",negative
Overall this keyboard went straight back to the shop.,negative
This pair of headphones is one I'd buy again for the price.,positive
Overall this backpack is one I'd buy again for the price.,positive
"To be fair, this blender is one I'd buy again!",positive
