Season,Date,HomeTeam,AwayTeam,FTHG,FTAG,FTR,HS,AS,HST,AST,AvgH,AvgD,AvgA
2022-23,2022-08-06,Castleton United,Oakvale Rovers,1,0,H,15,20,6,2,3.04,3.58,2.23
2022-23,2022-08-06,Eastbrook Town,Queensbury FC,2,0,H,11,15,4,5,3.58,3.29,2.12
2022-23,2022-08-06,Ironbridge Town,Glenwood Wanderers,1,2,A,8,22,4,12,2.13,3.98,3.0
2022-23,2022-08-06,Kingsport United,Bramley Rovers,0,1,A,19,20,3,8,1.72,4.53,4.02
2022-23,2022-08-06,Lakeside Rangers,Fairhaven FC,1,0,H,10,12,5,1,2.14,3.89,2.97
2022-23,2022-08-06,Millbrook City,Stonebridge City,2,2,D,17,15,5,5,2.39,3.64,2.75
2022-23,2022-08-06,Portwell Town,Northgate Athletic,1,2,A,11,7,2,5,2.29,3.37,3.05
2022-23,2022-08-06,Riverside United,Harrowgate Albion,2,2,D,22,24,6,5,2.92,3.59,2.27
2022-23,2022-08-07,Ashford City,Thornbury Athletic,0,0,D,17,14,5,6,2.16,3.61,3.14
2022-23,2022-08-07,Dunmore Athletic,Westfield Wanderers,2,0,H,23,12,7,1,1.65,4.3,4.73
2022-23,2022-08-13,Castleton United,Queensbury FC,0,0,D,18,13,5,2,2.13,3.65,3.11
2022-23,2022-08-13,Eastbrook Town,Thornbury Athletic,1,2,A,13,17,4,6,3.3,3.04,2.31
2022-23,2022-08-13,Ironbridge Town,Bramley Rovers,2,1,H,21,19,5,6,1.62,4.66,4.35
2022-23,2022-08-13,Kingsport United,Portwell Town,1,2,A,16,24,6,11,1.73,4.43,3.88
2022-23,2022-08-13,Lakeside Rangers,Stonebridge City,3,1,H,19,23,9,8,2.07,3.85,3.2
2022-23,2022-08-13,Millbrook City,Glenwood Wanderers,1,1,D,14,7,5,2,3.13,3.64,2.21
2022-23,2022-08-13,Northgate Athletic,Harrowgate Albion,0,3,A,12,17,3,7,3.36,3.58,2.13
2022-23,2022-08-13,Riverside United,Oakvale Rovers,2,1,H,19,20,4,6,3.07,3.61,2.19
2022-23,2022-08-14,Ashford City,Westfield Wanderers,0,0,D,25,8,6,5,1.78,4.03,3.94
2022-23,2022-08-14,Dunmore Athletic,Fairhaven FC,1,2,A,25,13,7,4,2.04,3.93,3.28
2022-23,2022-08-20,Castleton United,Thornbury Athletic,2,0,H,22,8,7,1,1.89,3.66,3.89
2022-23,2022-08-20,Dunmore Athletic,Stonebridge City,2,3,A,24,20,7,4,1.87,3.82,3.77
2022-23,2022-08-20,Ironbridge Town,Kingsport United,2,3,A,23,20,6,6,2.42,3.75,2.7
2022-23,2022-08-20,Lakeside Rangers,Glenwood Wanderers,2,3,A,20,25,9,6,2.29,3.9,2.82
2022-23,2022-08-20,Millbrook City,Bramley Rovers,1,4,A,15,19,6,8,2.37,3.53,2.79
2022-23,2022-08-20,Northgate Athletic,Oakvale Rovers,1,1,D,14,14,5,2,3.44,3.35,2.12
2022-23,2022-08-20,Portwell Town,Harrowgate Albion,3,0,H,24,12,7,4,2.7,3.59,2.41
2022-23,2022-08-20,Riverside United,Queensbury FC,3,2,H,17,16,8,4,2.27,3.49,3.07
2022-23,2022-08-21,Ashford City,Fairhaven FC,2,2,D,15,13,4,5,1.83,4.32,3.72
2022-23,2022-08-21,Eastbrook Town,Westfield Wanderers,0,1,A,16,13,2,5,2.84,3.36,2.52
2022-23,2022-08-27,Castleton United,Westfield Wanderers,0,1,A,14,16,5,4,1.81,3.99,3.95
2022-23,2022-08-27,Dunmore Athletic,Glenwood Wanderers,1,0,H,12,21,2,5,2.13,4.06,2.95
2022-23,2022-08-27,Harrowgate Albion,Oakvale Rovers,3,2,H,14,16,4,3,2.36,3.68,2.83
2022-23,2022-08-27,Ironbridge Town,Portwell Town,2,2,D,18,17,5,8,2.08,4.15,3.01
2022-23,2022-08-27,Lakeside Rangers,Bramley Rovers,1,5,A,22,21,3,9,2.19,3.94,2.92
2022-23,2022-08-27,Millbrook City,Kingsport United,2,1,H,17,17,8,2,3.34,3.77,2.07
2022-23,2022-08-27,Northgate Athletic,Queensbury FC,3,0,H,9,18,3,2,2.78,3.11,2.61
2022-23,2022-08-27,Riverside United,Thornbury Athletic,3,3,D,13,11,6,5,2.62,3.31,2.65
2022-23,2022-08-28,Ashford City,Stonebridge City,0,1,A,26,15,10,7,1.97,3.83,3.58
2022-23,2022-08-28,Eastbrook Town,Fairhaven FC,1,1,D,4,21,3,5,2.89,3.43,2.4
2022-23,2022-09-03,Ashford City,Glenwood Wanderers,2,3,A,16,12,8,4,2.11,3.98,3.1
2022-23,2022-09-03,Dunmore Athletic,Bramley Rovers,2,1,H,22,15,11,4,1.92,3.87,3.53
2022-23,2022-09-03,Harrowgate Albion,Queensbury FC,3,1,H,18,11,7,4,1.93,3.79,3.6
2022-23,2022-09-03,Lakeside Rangers,Kingsport United,1,3,A,18,21,4,4,2.37,4.14,2.62
2022-23,2022-09-03,Millbrook City,Ironbridge Town,1,3,A,19,18,9,7,3.2,3.88,2.05
2022-23,2022-09-03,Northgate Athletic,Thornbury Athletic,1,0,H,12,11,5,6,2.42,3.32,3.0
2022-23,2022-09-03,Portwell Town,Oakvale Rovers,2,1,H,15,25,8,7,3.48,3.98,1.95
2022-23,2022-09-03,Riverside United,Westfield Wanderers,1,0,H,24,11,10,3,2.22,3.68,3.0
2022-23,2022-09-04,Castleton United,Fairhaven FC,1,2,A,23,15,6,5,1.93,4.02,3.42
2022-23,2022-09-04,Eastbrook Town,Stonebridge City,1,0,H,11,10,4,3,3.04,3.51,2.31
2022-23,2022-09-10,Ashford City,Bramley Rovers,1,1,D,16,12,5,4,1.86,4.25,3.5
2022-23,2022-09-10,Dunmore Athletic,Kingsport United,1,3,A,24,25,7,5,2.3,3.76,2.82
2022-23,2022-09-10,Harrowgate Albion,Thornbury Athletic,1,2,A,9,8,1,5,2.02,3.7,3.57
2022-23,2022-09-10,Lakeside Rangers,Ironbridge Town,1,1,D,22,22,9,3,2.41,4.14,2.53
2022-23,2022-09-10,Millbrook City,Portwell Town,3,2,H,22,14,7,10,2.53,3.42,2.7
2022-23,2022-09-10,Northgate Athletic,Westfield Wanderers,2,0,H,17,11,5,2,2.38,3.33,2.99
2022-23,2022-09-10,Oakvale Rovers,Queensbury FC,3,1,H,14,19,7,4,1.88,3.59,3.95
2022-23,2022-09-10,Riverside United,Fairhaven FC,5,2,H,20,15,6,5,2.19,3.95,2.83
2022-23,2022-09-11,Castleton United,Stonebridge City,1,0,H,17,10,8,1,2.06,3.82,3.17
2022-23,2022-09-11,Eastbrook Town,Glenwood Wanderers,0,3,A,14,18,3,6,4.09,3.68,1.85
2022-23,2022-09-17,Ashford City,Kingsport United,3,1,H,19,16,4,2,2.09,4.35,2.84
2022-23,2022-09-17,Dunmore Athletic,Ironbridge Town,3,1,H,21,22,5,10,2.4,4.04,2.62
2022-23,2022-09-17,Eastbrook Town,Bramley Rovers,2,2,D,18,20,5,10,3.39,3.57,2.06
2022-23,2022-09-17,Harrowgate Albion,Westfield Wanderers,3,3,D,19,15,9,8,1.49,4.73,5.78
2022-23,2022-09-17,Lakeside Rangers,Millbrook City,2,2,D,15,12,5,7,1.75,4.02,4.39
2022-23,2022-09-17,Northgate Athletic,Fairhaven FC,1,0,H,17,10,7,2,2.38,3.5,2.89
2022-23,2022-09-17,Oakvale Rovers,Thornbury Athletic,1,0,H,15,5,8,2,1.79,3.72,4.37
2022-23,2022-09-17,Portwell Town,Queensbury FC,0,2,A,9,14,2,5,2.38,3.6,2.79
2022-23,2022-09-18,Castleton United,Glenwood Wanderers,1,2,A,17,13,4,5,2.49,3.97,2.47
2022-23,2022-09-18,Riverside United,Stonebridge City,4,3,H,17,15,8,5,2.05,3.69,3.29
2022-23,2022-09-24,Ashford City,Ironbridge Town,2,2,D,22,21,8,7,2.13,4.22,2.87
2022-23,2022-09-24,Dunmore Athletic,Millbrook City,1,0,H,13,3,3,2,1.76,3.91,4.42
2022-23,2022-09-24,Eastbrook Town,Kingsport United,0,2,A,15,17,4,5,3.98,3.94,1.81
2022-23,2022-09-24,Harrowgate Albion,Fairhaven FC,1,2,A,18,13,7,5,1.85,4.27,3.51
2022-23,2022-09-24,Lakeside Rangers,Portwell Town,2,3,A,19,18,6,5,2.07,3.89,3.14
2022-23,2022-09-24,Northgate Athletic,Stonebridge City,4,3,H,17,7,6,4,2.29,3.37,3.15
2022-23,2022-09-24,Oakvale Rovers,Westfield Wanderers,2,0,H,31,6,7,2,1.55,4.32,5.65
2022-23,2022-09-24,Queensbury FC,Thornbury Athletic,0,2,A,12,9,5,3,2.64,3.25,2.68
2022-23,2022-09-25,Castleton United,Bramley Rovers,3,0,H,22,7,7,1,2.1,4.18,3.02
2022-23,2022-09-25,Riverside United,Glenwood Wanderers,4,4,D,9,27,4,7,3.56,3.98,1.92
2022-23,2022-10-01,Ashford City,Millbrook City,1,2,A,17,13,5,3,1.67,4.18,4.55
2022-23,2022-10-01,Castleton United,Kingsport United,1,1,D,15,10,5,3,2.26,4.14,2.73
2022-23,2022-10-01,Dunmore Athletic,Lakeside Rangers,4,1,H,21,11,8,2,1.99,3.86,3.49
2022-23,2022-10-01,Eastbrook Town,Ironbridge Town,0,1,A,12,19,0,5,3.47,3.83,2.0
2022-23,2022-10-01,Harrowgate Albion,Stonebridge City,7,1,H,27,14,9,4,1.66,4.12,4.66
2022-23,2022-10-01,Oakvale Rovers,Fairhaven FC,2,1,H,22,11,8,5,1.64,4.3,4.9
2022-23,2022-10-01,Portwell Town,Thornbury Athletic,2,0,H,14,8,7,2,2.45,3.5,2.75
2022-23,2022-10-01,Queensbury FC,Westfield Wanderers,4,1,H,19,5,7,1,2.0,3.62,3.5
2022-23,2022-10-02,Northgate Athletic,Glenwood Wanderers,0,2,A,8,13,4,5,3.01,3.41,2.31
2022-23,2022-10-02,Riverside United,Bramley Rovers,0,3,A,18,21,6,7,2.27,4.0,2.68
2022-23,2022-10-08,Ashford City,Lakeside Rangers,2,2,D,23,13,8,4,1.83,4.11,3.72
2022-23,2022-10-08,Castleton United,Ironbridge Town,2,1,H,18,15,9,4,2.71,3.92,2.33
2022-23,2022-10-08,Dunmore Athletic,Portwell Town,2,1,H,27,12,10,3,2.05,3.95,3.13
2022-23,2022-10-08,Eastbrook Town,Millbrook City,4,3,H,9,19,6,7,3.26,3.21,2.3
2022-23,2022-10-08,Harrowgate Albion,Glenwood Wanderers,3,1,H,22,15,8,5,2.2,4.03,2.88
2022-23,2022-10-08,Oakvale Rovers,Stonebridge City,4,1,H,19,8,8,2,1.45,4.66,6.49
2022-23,2022-10-08,Queensbury FC,Fairhaven FC,2,2,D,18,18,4,5,2.39,3.59,2.76
2022-23,2022-10-08,Thornbury Athletic,Westfield Wanderers,1,1,D,9,12,3,5,2.21,3.39,3.16
2022-23,2022-10-09,Northgate Athletic,Bramley Rovers,0,2,A,14,19,4,6,2.54,3.71,2.55
2022-23,2022-10-09,Riverside United,Kingsport United,1,1,D,16,15,5,3,3.21,3.98,1.99
2022-23,2022-10-15,Ashford City,Dunmore Athletic,4,0,H,23,12,12,2,2.15,3.81,3.02
2022-23,2022-10-15,Castleton United,Millbrook City,0,1,A,17,12,3,4,2.04,3.69,3.46
2022-23,2022-10-15,Eastbrook Town,Lakeside Rangers,1,1,D,12,31,7,6,3.89,3.89,1.88
2022-23,2022-10-15,Oakvale Rovers,Glenwood Wanderers,2,1,H,17,22,8,3,1.95,3.68,3.75
2022-23,2022-10-15,Portwell Town,Westfield Wanderers,0,1,A,15,10,4,3,1.75,3.86,4.3
2022-23,2022-10-15,Queensbury FC,Stonebridge City,1,2,A,10,7,2,4,1.98,3.7,3.48
2022-23,2022-10-15,Riverside United,Ironbridge Town,0,1,A,14,13,3,4,2.86,4.01,2.15
2022-23,2022-10-15,Thornbury Athletic,Fairhaven FC,1,2,A,11,17,2,6,1.95,3.91,3.62
2022-23,2022-10-16,Harrowgate Albion,Bramley Rovers,3,2,H,18,16,7,3,1.81,4.19,3.66
2022-23,2022-10-16,Northgate Athletic,Kingsport United,1,1,D,22,13,9,5,2.6,3.48,2.63
2022-23,2022-10-22,Ashford City,Portwell Town,3,0,H,19,11,9,2,1.88,4.21,3.44
2022-23,2022-10-22,Castleton United,Lakeside Rangers,0,0,D,15,13,4,2,2.17,3.91,2.99
2022-23,2022-10-22,Eastbrook Town,Dunmore Athletic,1,2,A,15,25,4,7,3.73,3.64,1.94
2022-23,2022-10-22,Oakvale Rovers,Bramley Rovers,0,0,D,25,12,4,2,1.65,4.47,4.42
2022-23,2022-10-22,Queensbury FC,Glenwood Wanderers,1,0,H,12,20,4,5,2.63,3.66,2.53
2022-23,2022-10-22,Riverside United,Millbrook City,3,0,H,14,18,6,3,2.39,3.54,2.86
2022-23,2022-10-22,Thornbury Athletic,Stonebridge City,3,1,H,18,18,5,5,2.12,3.5,3.28
2022-23,2022-10-22,Westfield Wanderers,Fairhaven FC,0,1,A,15,18,3,5,2.63,3.69,2.52
2022-23,2022-10-23,Harrowgate Albion,Kingsport United,1,1,D,29,14,6,5,2.13,4.0,3.0
2022-23,2022-10-23,Northgate Athletic,Ironbridge Town,0,1,A,10,17,4,7,3.07,3.73,2.2
2022-23,2022-10-29,Castleton United,Dunmore Athletic,0,1,A,16,18,3,4,2.08,4.02,3.03
2022-23,2022-10-29,Eastbrook Town,Ashford City,0,6,A,8,23,2,10,4.12,3.91,1.81
2022-23,2022-10-29,Northgate Athletic,Millbrook City,3,1,H,15,11,8,1,2.03,3.41,3.65
2022-23,2022-10-29,Portwell Town,Fairhaven FC,1,0,H,17,21,2,4,1.89,4.18,3.53
2022-23,2022-10-29,Queensbury FC,Bramley Rovers,1,2,A,10,18,2,7,2.05,4.04,3.21
2022-23,2022-10-29,Riverside United,Lakeside Rangers,2,1,H,13,19,2,4,2.54,3.9,2.51
2022-23,2022-10-29,Thornbury Athletic,Glenwood Wanderers,1,2,A,18,15,3,5,2.64,3.49,2.54
2022-23,2022-10-29,Westfield Wanderers,Stonebridge City,2,1,H,18,7,6,1,2.16,3.57,3.21
2022-23,2022-10-30,Harrowgate Albion,Ironbridge Town,4,1,H,24,13,9,1,1.85,4.19,3.63
2022-23,2022-10-30,Oakvale Rovers,Kingsport United,1,1,D,10,12,1,3,1.61,4.56,4.76
2022-23,2022-11-05,Castleton United,Ashford City,2,4,A,20,19,6,5,2.93,4.01,2.19
2022-23,2022-11-05,Eastbrook Town,Portwell Town,3,3,D,11,23,4,6,3.86,3.72,1.93
2022-23,2022-11-05,Fairhaven FC,Stonebridge City,1,3,A,19,15,5,6,1.88,4.15,3.68
2022-23,2022-11-05,Northgate Athletic,Lakeside Rangers,0,2,A,10,17,2,4,2.7,3.32,2.59
2022-23,2022-11-05,Queensbury FC,Kingsport United,3,2,H,14,15,5,5,2.34,3.8,2.7
2022-23,2022-11-05,Riverside United,Dunmore Athletic,3,2,H,24,15,12,3,2.59,3.73,2.45
2022-23,2022-11-05,Thornbury Athletic,Bramley Rovers,4,1,H,20,12,8,3,1.88,4.11,3.6
2022-23,2022-11-05,Westfield Wanderers,Glenwood Wanderers,1,1,D,12,17,3,6,3.06,3.57,2.22
2022-23,2022-11-06,Harrowgate Albion,Millbrook City,3,1,H,14,10,7,4,1.61,4.19,4.93
2022-23,2022-11-06,Oakvale Rovers,Ironbridge Town,2,1,H,18,9,10,3,1.6,4.59,4.64
2022-23,2022-11-12,Castleton United,Eastbrook Town,2,1,H,20,12,6,2,1.61,3.95,5.33
2022-23,2022-11-12,Fairhaven FC,Glenwood Wanderers,1,0,H,16,28,6,7,2.71,3.86,2.34
2022-23,2022-11-12,Harrowgate Albion,Lakeside Rangers,4,1,H,18,14,7,6,1.74,4.21,4.06
2022-23,2022-11-12,Northgate Athletic,Dunmore Athletic,1,0,H,14,15,7,4,3.03,3.42,2.29
2022-23,2022-11-12,Portwell Town,Stonebridge City,3,0,H,20,14,7,6,1.92,3.83,3.59
2022-23,2022-11-12,Riverside United,Ashford City,4,0,H,21,8,5,2,2.72,3.96,2.28
2022-23,2022-11-12,Thornbury Athletic,Kingsport United,2,0,H,19,11,5,2,2.55,3.77,2.49
2022-23,2022-11-12,Westfield Wanderers,Bramley Rovers,0,3,A,23,13,10,8,2.66,3.96,2.39
2022-23,2022-11-13,Oakvale Rovers,Millbrook City,0,0,D,17,6,4,2,1.51,4.28,6.01
2022-23,2022-11-13,Queensbury FC,Ironbridge Town,2,2,D,15,18,5,7,2.66,3.77,2.43
2022-23,2022-11-19,Castleton United,Portwell Town,2,1,H,12,16,6,4,2.2,3.83,2.87
2022-23,2022-11-19,Fairhaven FC,Bramley Rovers,1,2,A,15,17,3,6,2.14,4.37,2.87
2022-23,2022-11-19,Harrowgate Albion,Dunmore Athletic,3,1,H,20,19,12,5,1.75,4.21,4.0
2022-23,2022-11-19,Northgate Athletic,Ashford City,0,0,D,15,9,2,3,3.27,3.72,2.06
2022-23,2022-11-19,Riverside United,Eastbrook Town,2,3,A,17,14,4,8,1.62,4.13,5.22
2022-23,2022-11-19,Stonebridge City,Glenwood Wanderers,1,0,H,12,17,5,1,3.17,3.88,2.08
2022-23,2022-11-19,Thornbury Athletic,Ironbridge Town,2,0,H,13,15,8,5,2.38,3.82,2.71
2022-23,2022-11-19,Westfield Wanderers,Kingsport United,0,1,A,13,19,2,6,2.73,3.75,2.32
2022-23,2022-11-20,Oakvale Rovers,Lakeside Rangers,3,2,H,22,10,9,3,1.67,4.24,4.59
2022-23,2022-11-20,Queensbury FC,Millbrook City,0,3,A,9,10,2,4,1.84,3.43,4.53
2022-23,2022-11-26,Fairhaven FC,Kingsport United,4,2,H,19,17,9,7,2.35,4.11,2.54
2022-23,2022-11-26,Harrowgate Albion,Ashford City,1,1,D,19,19,5,5,1.85,4.29,3.53
2022-23,2022-11-26,Northgate Athletic,Eastbrook Town,1,1,D,20,9,7,2,1.87,3.27,4.53
2022-23,2022-11-26,Oakvale Rovers,Dunmore Athletic,1,3,A,16,15,4,8,1.71,4.23,4.38
2022-23,2022-11-26,Portwell Town,Glenwood Wanderers,1,2,A,10,18,3,6,2.37,4.07,2.6
2022-23,2022-11-26,Riverside United,Castleton United,1,1,D,20,11,5,3,2.29,3.89,2.78
2022-23,2022-11-26,Stonebridge City,Bramley Rovers,2,3,A,30,14,9,7,2.63,4.07,2.34
2022-23,2022-11-26,Westfield Wanderers,Ironbridge Town,1,2,A,16,24,4,10,2.99,3.91,2.19
2022-23,2022-11-27,Queensbury FC,Lakeside Rangers,2,0,H,12,12,2,3,2.33,3.66,2.85
2022-23,2022-11-27,Thornbury Athletic,Millbrook City,0,1,A,10,12,2,5,2.39,3.24,3.04
2022-23,2022-12-03,Fairhaven FC,Ironbridge Town,2,4,A,27,16,7,9,2.75,4.28,2.19
2022-23,2022-12-03,Glenwood Wanderers,Bramley Rovers,2,1,H,27,18,11,5,1.62,4.83,4.34
2022-23,2022-12-03,Harrowgate Albion,Eastbrook Town,2,0,H,28,6,11,2,1.44,4.87,6.72
2022-23,2022-12-03,Northgate Athletic,Castleton United,2,1,H,12,10,5,3,2.26,3.55,3.05
2022-23,2022-12-03,Oakvale Rovers,Ashford City,3,1,H,19,10,7,5,2.01,3.8,3.3
2022-23,2022-12-03,Riverside United,Portwell Town,1,1,D,16,12,4,5,2.43,3.84,2.63
2022-23,2022-12-03,Stonebridge City,Kingsport United,3,3,D,19,17,7,7,3.28,4.24,1.92
2022-23,2022-12-03,Westfield Wanderers,Millbrook City,1,1,D,14,13,4,6,2.12,3.54,3.33
2022-23,2022-12-04,Queensbury FC,Dunmore Athletic,2,1,H,25,12,7,1,2.52,3.51,2.63
2022-23,2022-12-04,Thornbury Athletic,Lakeside Rangers,2,1,H,12,17,8,7,2.43,3.58,2.81
2022-23,2022-12-10,Fairhaven FC,Millbrook City,4,1,H,19,13,8,1,1.91,3.73,3.78
2022-23,2022-12-10,Glenwood Wanderers,Kingsport United,0,1,A,17,8,8,4,2.04,4.29,3.12
2022-23,2022-12-10,Harrowgate Albion,Castleton United,4,1,H,35,17,10,11,1.63,4.48,4.55
2022-23,2022-12-10,Northgate Athletic,Riverside United,2,0,H,20,14,5,5,2.47,3.37,2.83
2022-23,2022-12-10,Oakvale Rovers,Eastbrook Town,2,0,H,25,2,5,0,1.31,5.37,9.62
2022-23,2022-12-10,Portwell Town,Bramley Rovers,2,1,H,23,9,7,4,1.93,4.17,3.43
2022-23,2022-12-10,Queensbury FC,Ashford City,4,0,H,26,14,9,2,2.46,3.86,2.54
2022-23,2022-12-10,Stonebridge City,Ironbridge Town,1,0,H,23,18,6,6,3.17,4.13,2.04
2022-23,2022-12-11,Thornbury Athletic,Dunmore Athletic,1,1,D,19,11,5,3,2.61,3.53,2.53
2022-23,2022-12-11,Westfield Wanderers,Lakeside Rangers,2,0,H,13,13,2,1,2.76,3.54,2.46
2022-23,2022-12-17,Bramley Rovers,Kingsport United,2,1,H,30,32,9,6,2.45,4.21,2.44
2022-23,2022-12-17,Fairhaven FC,Lakeside Rangers,1,0,H,20,18,4,5,2.48,3.91,2.55
2022-23,2022-12-17,Glenwood Wanderers,Ironbridge Town,3,2,H,22,13,7,4,1.63,4.68,4.38
2022-23,2022-12-17,Harrowgate Albion,Riverside United,0,1,A,25,7,7,1,1.71,4.45,4.17
2022-23,2022-12-17,Northgate Athletic,Portwell Town,1,3,A,16,19,5,5,2.59,3.63,2.6
2022-23,2022-12-17,Oakvale Rovers,Castleton United,0,2,A,23,11,3,4,1.39,5.32,6.44
2022-23,2022-12-17,Queensbury FC,Eastbrook Town,1,2,A,21,9,5,4,1.61,3.96,5.49
2022-23,2022-12-17,Stonebridge City,Millbrook City,1,1,D,17,8,4,3,2.52,3.42,2.79
2022-23,2022-12-18,Thornbury Athletic,Ashford City,2,1,H,16,20,5,4,2.31,3.79,2.87
2022-23,2022-12-18,Westfield Wanderers,Dunmore Athletic,1,1,D,18,18,6,8,2.63,3.71,2.51
2022-23,2022-12-24,Bramley Rovers,Ironbridge Town,3,3,D,21,13,11,4,2.32,4.4,2.53
2022-23,2022-12-24,Glenwood Wanderers,Millbrook City,1,2,A,24,9,9,3,1.56,4.22,5.37
2022-23,2022-12-24,Harrowgate Albion,Northgate Athletic,2,0,H,15,12,5,4,1.63,4.07,5.29
2022-23,2022-12-24,Oakvale Rovers,Riverside United,3,0,H,22,12,5,3,1.43,5.14,6.36
2022-23,2022-12-24,Portwell Town,Kingsport United,0,2,A,22,13,7,8,2.0,4.11,3.22
2022-23,2022-12-24,Queensbury FC,Castleton United,3,0,H,13,13,7,1,2.16,3.66,3.2
2022-23,2022-12-24,Stonebridge City,Lakeside Rangers,2,2,D,17,17,7,8,2.51,3.77,2.5
2022-23,2022-12-24,Thornbury Athletic,Eastbrook Town,2,0,H,14,3,7,1,1.63,3.94,5.19
2022-23,2022-12-25,Fairhaven FC,Dunmore Athletic,2,0,H,13,10,6,5,2.51,3.71,2.57
2022-23,2022-12-25,Westfield Wanderers,Ashford City,1,3,A,16,21,4,11,3.11,3.92,2.12
2022-23,2022-12-31,Bramley Rovers,Millbrook City,3,0,H,17,9,6,1,2.05,3.77,3.34
2022-23,2022-12-31,Glenwood Wanderers,Lakeside Rangers,4,1,H,19,9,9,3,1.65,4.47,4.39
2022-23,2022-12-31,Harrowgate Albion,Portwell Town,1,0,H,22,13,7,2,1.84,4.12,3.63
2022-23,2022-12-31,Kingsport United,Ironbridge Town,0,2,A,21,17,4,7,1.89,4.4,3.39
2022-23,2022-12-31,Oakvale Rovers,Northgate Athletic,1,1,D,12,15,3,7,1.72,3.86,4.69
2022-23,2022-12-31,Queensbury FC,Riverside United,2,0,H,10,10,6,3,1.81,4.02,3.99
2022-23,2022-12-31,Stonebridge City,Dunmore Athletic,2,1,H,16,11,6,4,3.05,3.98,2.07
2022-23,2022-12-31,Thornbury Athletic,Castleton United,0,4,A,8,14,2,9,2.18,3.83,3.06
2022-23,2023-01-01,Fairhaven FC,Ashford City,2,3,A,23,17,7,5,2.72,3.81,2.33
2022-23,2023-01-01,Westfield Wanderers,Eastbrook Town,1,3,A,17,14,6,5,1.87,3.49,4.23
2022-23,2023-01-07,Bramley Rovers,Lakeside Rangers,3,1,H,18,12,7,3,2.18,4.02,2.89
2022-23,2023-01-07,Glenwood Wanderers,Dunmore Athletic,0,0,D,18,18,6,3,1.74,4.31,3.94
2022-23,2023-01-07,Kingsport United,Millbrook City,2,0,H,24,11,6,2,1.97,3.88,3.45
2022-23,2023-01-07,Oakvale Rovers,Harrowgate Albion,0,2,A,11,15,3,7,1.84,3.9,3.86
2022-23,2023-01-07,Portwell Town,Ironbridge Town,4,0,H,20,7,9,1,2.5,4.12,2.39
2022-23,2023-01-07,Queensbury FC,Northgate Athletic,2,1,H,14,11,7,2,1.98,3.53,3.88
2022-23,2023-01-07,Thornbury Athletic,Riverside United,1,2,A,15,13,3,6,2.09,3.8,3.25
2022-23,2023-01-07,Westfield Wanderers,Castleton United,1,0,H,11,12,3,6,2.63,3.51,2.51
2022-23,2023-01-08,Fairhaven FC,Eastbrook Town,1,0,H,14,7,7,3,1.57,4.24,5.43
2022-23,2023-01-08,Stonebridge City,Ashford City,5,1,H,21,18,9,4,2.98,4.13,2.09
2022-23,2023-01-14,Bramley Rovers,Dunmore Athletic,5,1,H,27,16,10,7,2.05,4.1,3.08
2022-23,2023-01-14,Glenwood Wanderers,Ashford City,3,1,H,20,12,7,2,2.01,4.33,3.13
2022-23,2023-01-14,Ironbridge Town,Millbrook City,3,1,H,34,11,14,4,1.69,4.29,4.25
2022-23,2023-01-14,Kingsport United,Lakeside Rangers,3,2,H,23,17,7,4,1.9,4.36,3.31
2022-23,2023-01-14,Oakvale Rovers,Portwell Town,1,3,A,21,12,6,4,1.56,4.47,5.04
2022-23,2023-01-14,Queensbury FC,Harrowgate Albion,0,1,A,10,10,4,3,3.13,3.86,2.1
2022-23,2023-01-14,Thornbury Athletic,Northgate Athletic,3,1,H,17,11,8,3,2.24,3.21,3.37
2022-23,2023-01-14,Westfield Wanderers,Riverside United,0,1,A,12,12,2,5,2.7,3.78,2.42
2022-23,2023-01-15,Fairhaven FC,Castleton United,1,1,D,19,21,5,4,2.16,3.9,2.96
2022-23,2023-01-15,Stonebridge City,Eastbrook Town,1,0,H,19,9,4,5,1.77,3.82,4.53
2022-23,2023-01-21,Bramley Rovers,Ashford City,3,1,H,20,16,5,4,2.17,4.27,2.76
2022-23,2023-01-21,Fairhaven FC,Riverside United,2,1,H,9,14,7,3,2.07,3.97,3.15
2022-23,2023-01-21,Ironbridge Town,Lakeside Rangers,2,2,D,23,17,8,3,2.08,3.93,3.05
2022-23,2023-01-21,Kingsport United,Dunmore Athletic,4,2,H,17,21,9,6,2.34,3.9,2.66
2022-23,2023-01-21,Portwell Town,Millbrook City,1,1,D,17,9,6,3,1.86,3.99,3.8
2022-23,2023-01-21,Queensbury FC,Oakvale Rovers,1,0,H,8,3,4,1,3.2,3.38,2.22
2022-23,2023-01-21,Thornbury Athletic,Harrowgate Albion,2,1,H,8,13,3,6,3.08,3.77,2.12
2022-23,2023-01-21,Westfield Wanderers,Northgate Athletic,3,0,H,24,12,9,4,2.64,3.29,2.68
2022-23,2023-01-22,Glenwood Wanderers,Eastbrook Town,5,0,H,27,6,8,0,1.3,5.61,8.63
2022-23,2023-01-22,Stonebridge City,Castleton United,2,1,H,16,15,5,5,2.44,3.76,2.58
2022-23,2023-01-28,Bramley Rovers,Eastbrook Town,4,0,H,20,10,8,1,1.47,4.69,5.88
2022-23,2023-01-28,Fairhaven FC,Northgate Athletic,1,1,D,20,14,5,4,2.19,3.48,3.18
2022-23,2023-01-28,Ironbridge Town,Dunmore Athletic,2,1,H,18,13,6,5,1.95,4.17,3.25
2022-23,2023-01-28,Kingsport United,Ashford City,2,1,H,17,17,6,4,2.26,4.21,2.7
2022-23,2023-01-28,Millbrook City,Lakeside Rangers,1,3,A,18,24,6,9,2.34,3.67,2.83
2022-23,2023-01-28,Queensbury FC,Portwell Town,1,0,H,17,18,5,3,2.56,3.51,2.69
2022-23,2023-01-28,Thornbury Athletic,Oakvale Rovers,2,2,D,15,17,6,4,3.63,3.63,1.95
2022-23,2023-01-28,Westfield Wanderers,Harrowgate Albion,1,1,D,6,16,3,5,3.16,3.73,2.1
2022-23,2023-01-29,Glenwood Wanderers,Castleton United,1,1,D,26,14,5,7,1.78,4.32,3.81
2022-23,2023-01-29,Stonebridge City,Riverside United,2,1,H,17,14,3,3,2.41,3.78,2.61
2022-23,2023-02-04,Fairhaven FC,Harrowgate Albion,0,2,A,14,22,4,5,2.54,4.06,2.38
2022-23,2023-02-04,Ironbridge Town,Ashford City,3,4,A,25,15,10,7,1.96,4.1,3.28
2022-23,2023-02-04,Kingsport United,Eastbrook Town,2,0,H,20,11,6,3,1.52,4.54,5.47
2022-23,2023-02-04,Millbrook City,Dunmore Athletic,3,1,H,16,19,9,6,2.74,3.49,2.45
2022-23,2023-02-04,Portwell Town,Lakeside Rangers,2,2,D,22,23,6,6,2.16,3.82,3.07
2022-23,2023-02-04,Stonebridge City,Northgate Athletic,1,1,D,15,15,3,2,2.36,3.54,2.83
2022-23,2023-02-04,Thornbury Athletic,Queensbury FC,1,1,D,16,18,7,3,2.33,3.25,3.1
2022-23,2023-02-04,Westfield Wanderers,Oakvale Rovers,1,3,A,11,26,6,8,4.3,3.82,1.79
2022-23,2023-02-05,Bramley Rovers,Castleton United,4,1,H,15,18,8,6,1.96,4.17,3.24
2022-23,2023-02-05,Glenwood Wanderers,Riverside United,2,1,H,21,19,7,2,1.56,4.85,4.92
2022-23,2023-02-11,Fairhaven FC,Oakvale Rovers,1,2,A,9,17,4,4,3.47,3.95,1.92
2022-23,2023-02-11,Ironbridge Town,Eastbrook Town,3,0,H,22,8,12,2,1.53,4.58,5.66
2022-23,2023-02-11,Kingsport United,Castleton United,5,1,H,20,10,7,3,1.92,3.99,3.53
2022-23,2023-02-11,Lakeside Rangers,Dunmore Athletic,1,0,H,15,23,8,3,2.92,3.7,2.31
2022-23,2023-02-11,Millbrook City,Ashford City,0,1,A,23,14,6,3,2.71,3.85,2.31
2022-23,2023-02-11,Stonebridge City,Harrowgate Albion,0,1,A,5,12,1,6,3.15,4.08,2.04
2022-23,2023-02-11,Thornbury Athletic,Portwell Town,0,3,A,14,11,4,5,2.39,3.58,2.82
2022-23,2023-02-11,Westfield Wanderers,Queensbury FC,1,2,A,14,13,6,5,2.54,3.23,2.78
2022-23,2023-02-12,Bramley Rovers,Riverside United,2,2,D,18,9,7,5,2.05,4.05,3.11
2022-23,2023-02-12,Glenwood Wanderers,Northgate Athletic,0,1,A,16,6,5,2,1.74,4.0,4.33
2022-23,2023-02-18,Fairhaven FC,Queensbury FC,1,2,A,17,12,6,4,2.01,3.74,3.54
2022-23,2023-02-18,Glenwood Wanderers,Harrowgate Albion,3,1,H,20,13,9,4,1.9,4.16,3.38
2022-23,2023-02-18,Ironbridge Town,Castleton United,1,1,D,18,13,3,4,1.77,4.39,3.78
2022-23,2023-02-18,Lakeside Rangers,Ashford City,0,2,A,15,22,3,5,2.45,3.98,2.56
2022-23,2023-02-18,Millbrook City,Eastbrook Town,2,0,H,11,3,4,0,1.83,3.51,4.58
2022-23,2023-02-18,Portwell Town,Dunmore Athletic,0,1,A,15,15,2,6,1.92,4.01,3.57
2022-23,2023-02-18,Stonebridge City,Oakvale Rovers,0,1,A,17,22,4,4,3.86,4.3,1.76
2022-23,2023-02-18,Westfield Wanderers,Thornbury Athletic,2,1,H,17,10,7,4,2.88,3.29,2.43
2022-23,2023-02-19,Bramley Rovers,Northgate Athletic,2,2,D,30,14,12,4,2.26,3.69,2.98
2022-23,2023-02-19,Kingsport United,Riverside United,1,0,H,14,11,5,2,1.74,4.55,3.8
2022-23,2023-02-25,Dunmore Athletic,Ashford City,1,2,A,11,18,2,9,2.02,4.04,3.12
2022-23,2023-02-25,Fairhaven FC,Thornbury Athletic,1,0,H,16,10,2,1,2.27,3.65,2.86
2022-23,2023-02-25,Glenwood Wanderers,Oakvale Rovers,1,3,A,16,16,5,7,2.39,4.01,2.59
2022-23,2023-02-25,Ironbridge Town,Riverside United,3,0,H,22,17,5,2,2.09,3.98,3.04
2022-23,2023-02-25,Lakeside Rangers,Eastbrook Town,1,1,D,30,5,7,1,1.45,4.48,6.66
2022-23,2023-02-25,Millbrook City,Castleton United,1,0,H,16,10,3,2,2.41,3.65,2.74
2022-23,2023-02-25,Stonebridge City,Queensbury FC,0,0,D,9,9,1,3,2.57,3.46,2.65
2022-23,2023-02-25,Westfield Wanderers,Portwell Town,1,2,A,6,16,1,5,3.03,3.62,2.2
2022-23,2023-02-26,Bramley Rovers,Harrowgate Albion,1,3,A,18,14,4,6,2.95,4.05,2.09
2022-23,2023-02-26,Kingsport United,Northgate Athletic,1,0,H,16,12,4,2,1.94,3.79,3.68
2022-23,2023-03-04,Bramley Rovers,Oakvale Rovers,3,1,H,19,21,6,5,3.18,4.02,2.03
2022-23,2023-03-04,Dunmore Athletic,Eastbrook Town,0,0,D,21,5,6,1,1.42,4.64,7.22
2022-23,2023-03-04,Fairhaven FC,Westfield Wanderers,0,1,A,15,14,2,3,1.91,3.79,3.88
2022-23,2023-03-04,Glenwood Wanderers,Queensbury FC,2,0,H,22,12,6,4,1.75,4.08,4.3
2022-23,2023-03-04,Lakeside Rangers,Castleton United,0,1,A,15,19,5,6,1.95,3.86,3.44
2022-23,2023-03-04,Millbrook City,Riverside United,1,1,D,12,15,4,6,2.84,3.62,2.36
2022-23,2023-03-04,Portwell Town,Ashford City,3,1,H,18,11,7,3,2.45,3.99,2.49
2022-23,2023-03-04,Stonebridge City,Thornbury Athletic,3,0,H,15,19,4,3,2.4,3.5,2.83
2022-23,2023-03-05,Ironbridge Town,Northgate Athletic,2,2,D,24,13,6,3,1.83,4.05,3.76
2022-23,2023-03-05,Kingsport United,Harrowgate Albion,2,6,A,22,22,6,12,2.86,3.98,2.16
2022-23,2023-03-11,Ashford City,Eastbrook Town,2,2,D,23,10,9,3,1.36,5.39,7.46
2022-23,2023-03-11,Bramley Rovers,Queensbury FC,2,0,H,19,10,5,5,2.03,3.75,3.48
2022-23,2023-03-11,Dunmore Athletic,Castleton United,0,3,A,17,15,3,6,2.03,3.74,3.36
2022-23,2023-03-11,Fairhaven FC,Portwell Town,1,0,H,13,9,7,2,2.27,3.8,2.8
2022-23,2023-03-11,Glenwood Wanderers,Thornbury Athletic,1,0,H,20,14,5,7,1.95,3.94,3.6
2022-23,2023-03-11,Lakeside Rangers,Riverside United,2,1,H,13,19,6,5,2.25,3.81,2.86
2022-23,2023-03-11,Millbrook City,Northgate Athletic,0,0,D,14,12,4,3,2.33,3.32,3.01
2022-23,2023-03-11,Stonebridge City,Westfield Wanderers,0,1,A,17,10,8,3,2.2,3.82,3.01
2022-23,2023-03-12,Ironbridge Town,Harrowgate Albion,4,3,H,20,18,9,8,2.73,4.08,2.25
2022-23,2023-03-12,Kingsport United,Oakvale Rovers,0,1,A,15,20,0,7,3.54,4.28,1.88
2022-23,2023-03-18,Ashford City,Castleton United,0,1,A,23,11,8,4,1.84,4.24,3.62
2022-23,2023-03-18,Bramley Rovers,Thornbury Athletic,3,1,H,18,15,7,1,2.36,3.57,2.85
2022-23,2023-03-18,Dunmore Athletic,Riverside United,2,2,D,18,17,6,7,2.05,3.99,3.23
2022-23,2023-03-18,Glenwood Wanderers,Westfield Wanderers,1,0,H,24,8,5,2,1.51,4.76,5.72
2022-23,2023-03-18,Kingsport United,Queensbury FC,1,1,D,16,19,8,8,1.91,3.84,3.7
2022-23,2023-03-18,Lakeside Rangers,Northgate Athletic,0,0,D,13,8,2,3,2.01,3.61,3.45
2022-23,2023-03-18,Portwell Town,Eastbrook Town,1,1,D,20,11,3,5,1.53,4.33,6.15
2022-23,2023-03-18,Stonebridge City,Fairhaven FC,1,3,A,23,19,3,4,2.94,3.86,2.17
2022-23,2023-03-19,Ironbridge Town,Oakvale Rovers,3,2,H,20,14,8,7,2.94,4.14,2.1
2022-23,2023-03-19,Millbrook City,Harrowgate Albion,1,3,A,14,18,4,8,3.11,3.8,2.13
2022-23,2023-03-25,Ashford City,Riverside United,3,3,D,20,19,9,8,1.81,4.33,3.72
2022-23,2023-03-25,Bramley Rovers,Westfield Wanderers,0,2,A,21,18,6,6,1.75,4.09,4.02
2022-23,2023-03-25,Dunmore Athletic,Northgate Athletic,0,1,A,19,7,7,1,2.11,3.47,3.48
2022-23,2023-03-25,Eastbrook Town,Castleton United,1,3,A,9,18,3,7,3.69,3.8,1.93
2022-23,2023-03-25,Glenwood Wanderers,Fairhaven FC,4,2,H,25,16,8,6,1.68,4.39,4.36
2022-23,2023-03-25,Kingsport United,Thornbury Athletic,1,2,A,20,16,5,7,2.15,3.65,3.09
2022-23,2023-03-25,Lakeside Rangers,Harrowgate Albion,1,1,D,12,22,4,6,2.22,3.98,2.79
2022-23,2023-03-25,Stonebridge City,Portwell Town,2,3,A,18,16,6,6,2.68,3.89,2.36
2022-23,2023-03-26,Ironbridge Town,Queensbury FC,3,2,H,25,11,7,3,1.98,3.79,3.39
2022-23,2023-03-26,Millbrook City,Oakvale Rovers,0,3,A,12,23,4,6,4.02,3.79,1.87
2022-23,2023-04-01,Ashford City,Northgate Athletic,2,3,A,19,9,6,3,1.69,4.19,4.4
2022-23,2023-04-01,Bramley Rovers,Fairhaven FC,2,1,H,23,16,6,5,2.1,3.79,3.13
2022-23,2023-04-01,Dunmore Athletic,Harrowgate Albion,1,0,H,12,22,3,3,2.56,3.68,2.54
2022-23,2023-04-01,Eastbrook Town,Riverside United,0,1,A,13,24,3,6,3.96,3.95,1.83
2022-23,2023-04-01,Glenwood Wanderers,Stonebridge City,6,1,H,28,17,12,6,1.49,4.99,5.38
2022-23,2023-04-01,Ironbridge Town,Thornbury Athletic,1,1,D,15,19,2,3,2.04,3.68,3.35
2022-23,2023-04-01,Kingsport United,Westfield Wanderers,3,1,H,31,9,4,3,1.72,4.23,4.23
2022-23,2023-04-01,Portwell Town,Castleton United,2,2,D,12,15,3,7,1.79,4.2,3.88
2022-23,2023-04-02,Lakeside Rangers,Oakvale Rovers,1,1,D,9,15,2,4,2.73,3.69,2.35
2022-23,2023-04-02,Millbrook City,Queensbury FC,2,2,D,15,13,6,7,2.73,3.33,2.54
2022-23,2023-04-08,Ashford City,Harrowgate Albion,2,3,A,18,18,7,6,2.29,4.23,2.64
2022-23,2023-04-08,Bramley Rovers,Stonebridge City,4,3,H,22,14,5,7,2.12,3.96,2.98
2022-23,2023-04-08,Castleton United,Riverside United,2,2,D,19,18,8,9,2.18,3.85,2.92
2022-23,2023-04-08,Dunmore Athletic,Oakvale Rovers,5,2,H,24,21,8,5,3.11,3.82,2.15
2022-23,2023-04-08,Eastbrook Town,Northgate Athletic,1,0,H,6,13,1,2,3.16,2.99,2.48
2022-23,2023-04-08,Glenwood Wanderers,Portwell Town,1,1,D,22,17,7,5,1.92,4.22,3.27
2022-23,2023-04-08,Ironbridge Town,Westfield Wanderers,2,0,H,16,12,5,1,1.63,4.36,4.68
2022-23,2023-04-08,Kingsport United,Fairhaven FC,3,5,A,14,17,4,7,1.83,4.23,3.75
2022-23,2023-04-09,Lakeside Rangers,Queensbury FC,1,3,A,15,17,5,7,2.18,3.39,3.3
2022-23,2023-04-09,Millbrook City,Thornbury Athletic,4,0,H,14,10,6,4,2.81,3.28,2.54
2022-23,2023-04-15,Ashford City,Oakvale Rovers,0,1,A,14,16,4,3,2.74,4.17,2.21
2022-23,2023-04-15,Bramley Rovers,Glenwood Wanderers,0,1,A,15,16,4,8,2.47,4.24,2.47
2022-23,2023-04-15,Castleton United,Northgate Athletic,1,0,H,17,10,7,1,1.95,3.6,3.94
2022-23,2023-04-15,Eastbrook Town,Harrowgate Albion,1,3,A,5,17,3,7,4.86,4.08,1.66
2022-23,2023-04-15,Ironbridge Town,Fairhaven FC,2,5,A,23,15,6,7,1.89,4.19,3.37
2022-23,2023-04-15,Kingsport United,Stonebridge City,1,1,D,18,12,4,6,1.69,4.61,4.06
2022-23,2023-04-15,Millbrook City,Westfield Wanderers,2,1,H,14,17,4,4,2.3,3.47,3.07
2022-23,2023-04-15,Portwell Town,Riverside United,2,1,H,18,12,8,5,1.79,4.25,3.8
2022-23,2023-04-16,Dunmore Athletic,Queensbury FC,1,0,H,14,12,6,5,1.91,3.61,3.87
2022-23,2023-04-16,Lakeside Rangers,Thornbury Athletic,1,0,H,17,17,6,6,2.34,3.27,3.11
2022-23,2023-04-22,Ashford City,Queensbury FC,1,1,D,15,15,6,5,1.95,3.82,3.5
2022-23,2023-04-22,Bramley Rovers,Portwell Town,0,0,D,17,15,2,5,2.24,4.16,2.73
2022-23,2023-04-22,Castleton United,Harrowgate Albion,1,2,A,13,13,5,6,2.32,3.77,2.75
2022-23,2023-04-22,Eastbrook Town,Oakvale Rovers,0,3,A,4,19,1,11,7.52,5.05,1.38
2022-23,2023-04-22,Ironbridge Town,Stonebridge City,3,1,H,30,12,11,3,1.6,4.8,4.71
2022-23,2023-04-22,Kingsport United,Glenwood Wanderers,2,2,D,9,20,5,6,2.56,4.03,2.36
2022-23,2023-04-22,Millbrook City,Fairhaven FC,0,0,D,12,12,4,4,2.81,3.32,2.56
2022-23,2023-04-22,Riverside United,Northgate Athletic,5,1,H,27,8,13,1,2.11,3.66,3.31
2022-23,2023-04-23,Dunmore Athletic,Thornbury Athletic,2,0,H,18,9,5,1,2.13,3.62,3.18
2022-23,2023-04-23,Lakeside Rangers,Westfield Wanderers,1,1,D,16,8,5,2,1.93,3.65,3.73
2023-24,2023-08-12,Castleton United,Lakeside Rangers,0,3,A,22,19,6,7,2.48,3.59,2.71
2023-24,2023-08-12,Dunmore Athletic,Glenwood Wanderers,3,1,H,13,16,5,5,2.38,3.79,2.68
2023-24,2023-08-12,Kingsport United,Westfield Wanderers,2,3,A,15,19,5,6,2.46,3.34,2.82
2023-24,2023-08-12,Oakvale Rovers,Fairhaven FC,1,0,H,17,9,7,1,1.62,4.59,4.64
2023-24,2023-08-12,Queensbury FC,Harrowgate Albion,2,1,H,18,10,8,2,2.55,3.76,2.57
2023-24,2023-08-12,Riverside United,Millbrook City,3,3,D,20,14,10,4,1.98,3.9,3.46
2023-24,2023-08-12,Stonebridge City,Portwell Town,2,2,D,20,14,6,6,2.45,3.87,2.63
2023-24,2023-08-12,Thornbury Athletic,Eastbrook Town,1,1,D,24,8,8,2,1.6,4.04,5.29
2023-24,2023-08-13,Bramley Rovers,Ashford City,2,5,A,19,23,5,14,3.0,3.99,2.09
2023-24,2023-08-13,Ironbridge Town,Northgate Athletic,3,2,H,17,14,4,7,2.01,3.36,3.77
2023-24,2023-08-19,Castleton United,Westfield Wanderers,1,1,D,14,11,3,3,2.23,3.62,3.08
2023-24,2023-08-19,Dunmore Athletic,Portwell Town,2,1,H,21,15,9,2,2.71,3.59,2.43
2023-24,2023-08-19,Harrowgate Albion,Millbrook City,3,1,H,25,15,8,4,1.81,3.9,3.99
2023-24,2023-08-19,Kingsport United,Queensbury FC,0,2,A,11,12,4,2,2.38,3.53,2.84
2023-24,2023-08-19,Oakvale Rovers,Northgate Athletic,2,0,H,23,6,9,5,1.72,3.78,4.62
2023-24,2023-08-19,Riverside United,Eastbrook Town,1,2,A,14,12,2,7,1.57,4.18,5.89
2023-24,2023-08-19,Stonebridge City,Lakeside Rangers,3,0,H,13,8,4,2,2.08,3.95,3.2
2023-24,2023-08-19,Thornbury Athletic,Fairhaven FC,1,1,D,18,9,2,4,1.9,3.96,3.66
2023-24,2023-08-20,Bramley Rovers,Glenwood Wanderers,1,3,A,17,22,5,11,2.76,3.78,2.33
2023-24,2023-08-20,Ironbridge Town,Ashford City,1,2,A,13,18,3,6,2.28,4.06,2.76
2023-24,2023-08-26,Bramley Rovers,Portwell Town,3,0,H,15,17,5,2,2.72,3.6,2.44
2023-24,2023-08-26,Castleton United,Kingsport United,2,0,H,12,12,5,2,2.14,3.62,3.15
2023-24,2023-08-26,Dunmore Athletic,Lakeside Rangers,1,2,A,18,13,4,2,2.26,3.67,2.88
2023-24,2023-08-26,Harrowgate Albion,Eastbrook Town,1,1,D,23,12,5,2,1.55,4.13,5.68
2023-24,2023-08-26,Queensbury FC,Millbrook City,3,1,H,11,15,6,3,2.25,3.58,3.1
2023-24,2023-08-26,Riverside United,Fairhaven FC,6,2,H,15,13,8,5,2.07,3.88,3.18
2023-24,2023-08-26,Stonebridge City,Westfield Wanderers,1,1,D,17,11,6,3,2.04,3.86,3.28
2023-24,2023-08-26,Thornbury Athletic,Northgate Athletic,2,3,A,13,15,2,6,2.08,3.52,3.39
2023-24,2023-08-27,Ironbridge Town,Glenwood Wanderers,1,2,A,12,20,3,4,2.35,3.9,2.74
2023-24,2023-08-27,Oakvale Rovers,Ashford City,1,2,A,24,20,10,6,1.92,4.16,3.34
2023-24,2023-09-02,Bramley Rovers,Lakeside Rangers,1,0,H,15,17,3,1,2.35,3.73,2.75
2023-24,2023-09-02,Castleton United,Queensbury FC,1,3,A,14,17,5,11,2.16,3.43,3.34
2023-24,2023-09-02,Dunmore Athletic,Westfield Wanderers,1,0,H,17,12,9,2,2.15,3.57,3.13
2023-24,2023-09-02,Harrowgate Albion,Fairhaven FC,2,1,H,21,10,3,3,1.72,4.47,3.87
2023-24,2023-09-02,Millbrook City,Eastbrook Town,1,0,H,17,11,5,3,1.77,3.65,4.77
2023-24,2023-09-02,Riverside United,Northgate Athletic,0,0,D,7,11,1,1,1.98,3.59,3.72
2023-24,2023-09-02,Stonebridge City,Kingsport United,1,0,H,15,18,1,7,2.36,3.72,2.8
2023-24,2023-09-02,Thornbury Athletic,Ashford City,2,0,H,12,19,7,7,2.23,4.31,2.69
2023-24,2023-09-03,Ironbridge Town,Portwell Town,1,0,H,14,11,6,0,2.45,3.81,2.61
2023-24,2023-09-03,Oakvale Rovers,Glenwood Wanderers,3,4,A,25,12,6,5,1.68,4.36,4.46
2023-24,2023-09-09,Bramley Rovers,Westfield Wanderers,3,1,H,13,10,4,3,2.69,3.55,2.51
2023-24,2023-09-09,Dunmore Athletic,Kingsport United,2,0,H,12,9,2,1,2.15,3.53,3.2
2023-24,2023-09-09,Harrowgate Albion,Northgate Athletic,0,0,D,19,12,3,2,1.72,3.9,4.56
2023-24,2023-09-09,Ironbridge Town,Lakeside Rangers,2,0,H,15,12,6,1,2.53,3.62,2.58
2023-24,2023-09-09,Millbrook City,Fairhaven FC,5,1,H,15,14,6,7,2.03,3.87,3.3
2023-24,2023-09-09,Queensbury FC,Eastbrook Town,0,1,A,8,19,1,5,1.79,3.53,4.56
2023-24,2023-09-09,Riverside United,Ashford City,0,1,A,11,17,3,4,2.2,4.09,2.87
2023-24,2023-09-09,Stonebridge City,Castleton United,1,2,A,17,18,4,3,2.25,3.71,2.89
2023-24,2023-09-10,Oakvale Rovers,Portwell Town,5,0,H,24,13,10,2,1.75,4.03,4.12
2023-24,2023-09-10,Thornbury Athletic,Glenwood Wanderers,0,0,D,14,16,3,8,2.35,3.78,2.68
2023-24,2023-09-16,Bramley Rovers,Kingsport United,1,1,D,19,17,5,4,2.47,3.72,2.6
2023-24,2023-09-16,Dunmore Athletic,Castleton United,2,1,H,13,7,5,3,2.33,3.7,2.76
2023-24,2023-09-16,Eastbrook Town,Fairhaven FC,0,0,D,8,12,1,2,2.97,3.2,2.52
2023-24,2023-09-16,Harrowgate Albion,Ashford City,4,2,H,28,23,8,9,2.12,4.33,2.88
2023-24,2023-09-16,Ironbridge Town,Westfield Wanderers,0,0,D,17,10,5,4,1.76,3.87,4.26
2023-24,2023-09-16,Millbrook City,Northgate Athletic,0,0,D,13,11,4,3,2.35,3.09,3.18
2023-24,2023-09-16,Riverside United,Glenwood Wanderers,1,4,A,18,19,6,8,2.52,3.97,2.52
2023-24,2023-09-16,Stonebridge City,Queensbury FC,3,2,H,24,12,10,3,1.94,3.82,3.62
2023-24,2023-09-17,Oakvale Rovers,Lakeside Rangers,2,0,H,23,8,8,1,1.56,4.64,5.16
2023-24,2023-09-17,Thornbury Athletic,Portwell Town,2,0,H,13,7,7,4,2.2,3.8,3.01
2023-24,2023-09-23,Bramley Rovers,Castleton United,2,0,H,8,17,4,2,2.93,3.69,2.23
2023-24,2023-09-23,Dunmore Athletic,Stonebridge City,0,1,A,16,22,3,6,1.96,4.01,3.5
2023-24,2023-09-23,Eastbrook Town,Northgate Athletic,1,0,H,7,10,2,3,2.95,2.81,2.81
2023-24,2023-09-23,Harrowgate Albion,Glenwood Wanderers,1,0,H,16,12,4,3,2.14,4.09,2.99
2023-24,2023-09-23,Ironbridge Town,Kingsport United,1,0,H,17,17,1,6,2.21,3.65,3.08
2023-24,2023-09-23,Millbrook City,Ashford City,2,3,A,11,15,4,3,2.7,3.94,2.37
2023-24,2023-09-23,Oakvale Rovers,Westfield Wanderers,2,0,H,18,9,9,3,1.65,4.28,4.8
2023-24,2023-09-23,Queensbury FC,Fairhaven FC,1,1,D,18,13,5,5,2.16,3.59,3.14
2023-24,2023-09-24,Riverside United,Portwell Town,1,1,D,15,21,3,5,2.49,3.65,2.63
2023-24,2023-09-24,Thornbury Athletic,Lakeside Rangers,1,1,D,19,13,8,3,2.36,3.75,2.73
2023-24,2023-09-30,Bramley Rovers,Stonebridge City,2,3,A,22,24,6,11,2.42,3.91,2.54
2023-24,2023-09-30,Dunmore Athletic,Queensbury FC,0,1,A,12,12,3,3,2.39,3.38,2.97
2023-24,2023-09-30,Eastbrook Town,Ashford City,0,3,A,7,22,2,7,3.59,3.62,1.96
2023-24,2023-09-30,Fairhaven FC,Northgate Athletic,1,0,H,21,7,5,1,2.15,3.5,3.21
2023-24,2023-09-30,Harrowgate Albion,Portwell Town,1,0,H,29,6,6,1,2.14,3.91,3.11
2023-24,2023-09-30,Ironbridge Town,Castleton United,1,1,D,21,10,9,2,2.42,3.67,2.72
2023-24,2023-09-30,Millbrook City,Glenwood Wanderers,4,1,H,14,14,7,3,3.15,3.71,2.17
2023-24,2023-09-30,Oakvale Rovers,Kingsport United,1,0,H,18,14,7,3,1.87,3.87,3.81
2023-24,2023-10-01,Riverside United,Lakeside Rangers,4,1,H,17,10,9,3,1.88,3.94,3.82
2023-24,2023-10-01,Thornbury Athletic,Westfield Wanderers,0,1,A,8,10,4,3,2.43,3.6,2.66
2023-24,2023-10-07,Bramley Rovers,Dunmore Athletic,1,2,A,17,20,3,7,2.42,3.74,2.64
2023-24,2023-10-07,Eastbrook Town,Glenwood Wanderers,0,3,A,9,13,3,5,3.41,3.5,2.13
2023-24,2023-10-07,Fairhaven FC,Ashford City,2,2,D,20,30,6,13,2.92,4.09,2.11
2023-24,2023-10-07,Ironbridge Town,Stonebridge City,3,3,D,18,15,4,4,1.94,3.98,3.38
2023-24,2023-10-07,Millbrook City,Portwell Town,1,3,A,13,13,6,7,2.61,3.53,2.57
2023-24,2023-10-07,Oakvale Rovers,Castleton United,3,0,H,22,11,9,2,1.78,3.97,4.06
2023-24,2023-10-07,Queensbury FC,Northgate Athletic,0,0,D,16,8,4,2,2.04,3.36,3.64
2023-24,2023-10-07,Thornbury Athletic,Kingsport United,1,0,H,13,9,2,3,2.63,3.8,2.48
2023-24,2023-10-08,Harrowgate Albion,Lakeside Rangers,0,0,D,18,11,4,4,1.98,3.92,3.39
2023-24,2023-10-08,Riverside United,Westfield Wanderers,3,1,H,12,12,4,4,2.02,3.7,3.49
2023-24,2023-10-14,Bramley Rovers,Queensbury FC,2,2,D,9,20,4,6,2.72,3.59,2.4
2023-24,2023-10-14,Eastbrook Town,Portwell Town,2,0,H,10,7,2,3,3.07,3.05,2.49
2023-24,2023-10-14,Fairhaven FC,Glenwood Wanderers,2,3,A,4,16,2,4,3.08,3.97,2.07
2023-24,2023-10-14,Ironbridge Town,Dunmore Athletic,0,0,D,12,11,1,2,2.29,3.64,2.99
2023-24,2023-10-14,Millbrook City,Lakeside Rangers,3,0,H,14,12,6,3,2.04,3.85,3.33
2023-24,2023-10-14,Northgate Athletic,Ashford City,5,4,H,14,26,10,10,3.87,3.95,1.85
2023-24,2023-10-14,Oakvale Rovers,Stonebridge City,0,0,D,25,6,7,2,1.79,4.33,3.79
2023-24,2023-10-14,Thornbury Athletic,Castleton United,1,1,D,16,10,3,3,2.45,3.53,2.69
2023-24,2023-10-15,Harrowgate Albion,Westfield Wanderers,1,2,A,21,11,8,7,2.02,3.92,3.35
2023-24,2023-10-15,Riverside United,Kingsport United,0,1,A,16,15,1,6,2.36,3.52,2.87
2023-24,2023-10-21,Eastbrook Town,Lakeside Rangers,1,1,D,8,13,3,4,3.2,3.27,2.25
2023-24,2023-10-21,Fairhaven FC,Portwell Town,0,2,A,15,20,3,5,2.42,3.59,2.81
2023-24,2023-10-21,Ironbridge Town,Bramley Rovers,4,1,H,26,17,7,3,1.61,4.42,4.61
2023-24,2023-10-21,Northgate Athletic,Glenwood Wanderers,1,1,D,18,16,8,5,3.61,3.73,1.96
2023-24,2023-10-21,Oakvale Rovers,Dunmore Athletic,5,0,H,30,14,16,3,1.58,4.59,4.86
2023-24,2023-10-21,Queensbury FC,Ashford City,3,0,H,24,20,6,3,2.65,3.85,2.39
2023-24,2023-10-21,Riverside United,Castleton United,2,4,A,15,11,6,7,2.08,3.83,3.22
2023-24,2023-10-21,Thornbury Athletic,Stonebridge City,2,3,A,17,16,10,8,2.01,4.25,3.17
2023-24,2023-10-22,Harrowgate Albion,Kingsport United,0,0,D,19,14,8,7,2.17,3.88,3.05
2023-24,2023-10-22,Millbrook City,Westfield Wanderers,0,1,A,17,15,4,6,2.18,3.67,3.06
2023-24,2023-10-28,Ashford City,Glenwood Wanderers,3,1,H,21,16,10,3,2.04,4.03,3.16
2023-24,2023-10-28,Eastbrook Town,Westfield Wanderers,4,0,H,12,9,4,3,3.39,3.19,2.28
2023-24,2023-10-28,Fairhaven FC,Lakeside Rangers,1,1,D,19,12,9,2,2.05,3.75,3.29
2023-24,2023-10-28,Ironbridge Town,Queensbury FC,2,0,H,16,15,5,3,2.51,3.63,2.69
2023-24,2023-10-28,Northgate Athletic,Portwell Town,0,0,D,6,12,1,0,2.49,3.36,2.87
2023-24,2023-10-28,Oakvale Rovers,Bramley Rovers,2,0,H,26,15,11,5,1.44,5.0,5.92
2023-24,2023-10-28,Riverside United,Stonebridge City,2,2,D,19,18,2,6,1.8,4.13,3.85
2023-24,2023-10-28,Thornbury Athletic,Dunmore Athletic,5,2,H,26,17,12,7,2.06,3.8,3.26
2023-24,2023-10-29,Harrowgate Albion,Castleton United,1,1,D,14,12,4,1,1.99,3.92,3.37
2023-24,2023-10-29,Millbrook City,Kingsport United,1,2,A,15,13,5,3,2.54,3.51,2.64
2023-24,2023-11-04,Ashford City,Portwell Town,4,1,H,20,15,7,4,2.03,4.02,3.23
2023-24,2023-11-04,Fairhaven FC,Westfield Wanderers,5,1,H,17,16,7,6,2.45,3.72,2.67
2023-24,2023-11-04,Harrowgate Albion,Stonebridge City,0,0,D,23,9,7,2,1.78,4.37,3.82
2023-24,2023-11-04,Northgate Athletic,Lakeside Rangers,2,1,H,16,15,5,1,2.37,3.49,2.93
2023-24,2023-11-04,Oakvale Rovers,Ironbridge Town,1,2,A,26,14,6,3,1.54,4.89,4.9
2023-24,2023-11-04,Queensbury FC,Glenwood Wanderers,3,1,H,16,9,8,5,2.63,3.65,2.49
2023-24,2023-11-04,Riverside United,Dunmore Athletic,0,0,D,15,20,1,5,2.3,3.6,2.88
2023-24,2023-11-04,Thornbury Athletic,Bramley Rovers,3,0,H,20,15,5,6,1.87,4.27,3.4
2023-24,2023-11-05,Eastbrook Town,Kingsport United,1,4,A,9,25,6,10,3.03,3.12,2.49
2023-24,2023-11-05,Millbrook City,Castleton United,0,2,A,17,23,5,9,2.24,3.55,3.12
2023-24,2023-11-11,Ashford City,Lakeside Rangers,4,0,H,37,7,14,0,1.77,4.48,3.88
2023-24,2023-11-11,Fairhaven FC,Kingsport United,2,1,H,18,9,9,3,2.43,3.48,2.79
2023-24,2023-11-11,Glenwood Wanderers,Portwell Town,2,1,H,20,16,4,3,1.9,3.97,3.74
2023-24,2023-11-11,Harrowgate Albion,Dunmore Athletic,2,1,H,19,18,6,6,2.03,3.93,3.14
2023-24,2023-11-11,Northgate Athletic,Westfield Wanderers,1,0,H,13,7,3,1,2.99,3.17,2.47
2023-24,2023-11-11,Oakvale Rovers,Queensbury FC,5,1,H,22,12,7,5,1.59,4.25,5.04
2023-24,2023-11-11,Riverside United,Bramley Rovers,2,1,H,28,11,5,3,1.87,4.02,3.67
2023-24,2023-11-11,Thornbury Athletic,Ironbridge Town,3,1,H,22,26,7,7,1.89,4.14,3.59
2023-24,2023-11-12,Eastbrook Town,Castleton United,1,1,D,15,8,5,3,2.99,3.39,2.36
2023-24,2023-11-12,Millbrook City,Stonebridge City,2,3,A,18,18,7,4,2.16,3.78,2.99
2023-24,2023-11-18,Ashford City,Westfield Wanderers,4,4,D,24,16,8,4,1.9,4.04,3.48
2023-24,2023-11-18,Glenwood Wanderers,Lakeside Rangers,3,1,H,17,15,7,7,1.82,4.07,3.77
2023-24,2023-11-18,Harrowgate Albion,Bramley Rovers,2,2,D,18,19,8,6,1.5,5.15,5.13
2023-24,2023-11-18,Millbrook City,Dunmore Athletic,0,1,A,8,13,2,5,2.58,3.5,2.6
2023-24,2023-11-18,Northgate Athletic,Kingsport United,2,0,H,15,13,4,5,3.26,3.25,2.23
2023-24,2023-11-18,Queensbury FC,Portwell Town,2,1,H,10,14,7,6,2.26,3.4,3.06
2023-24,2023-11-18,Riverside United,Ironbridge Town,0,0,D,18,17,5,4,2.27,3.85,2.87
2023-24,2023-11-18,Thornbury Athletic,Oakvale Rovers,2,1,H,18,17,9,5,2.98,4.13,2.11
2023-24,2023-11-19,Eastbrook Town,Stonebridge City,0,0,D,8,15,4,2,2.89,3.44,2.42
2023-24,2023-11-19,Fairhaven FC,Castleton United,1,0,H,13,17,5,4,2.01,3.96,3.32
2023-24,2023-11-25,Ashford City,Kingsport United,2,1,H,24,16,10,3,2.02,4.07,3.14
2023-24,2023-11-25,Glenwood Wanderers,Westfield Wanderers,3,1,H,18,11,5,3,1.73,4.18,4.13
2023-24,2023-11-25,Harrowgate Albion,Ironbridge Town,3,1,H,26,9,12,3,2.1,3.86,3.19
2023-24,2023-11-25,Millbrook City,Bramley Rovers,1,1,D,16,11,8,3,1.99,3.88,3.44
2023-24,2023-11-25,Northgate Athletic,Castleton United,0,0,D,13,4,2,0,3.47,3.2,2.19
2023-24,2023-11-25,Portwell Town,Lakeside Rangers,1,1,D,20,15,6,6,2.08,3.75,3.29
2023-24,2023-11-25,Riverside United,Oakvale Rovers,1,2,A,14,21,7,6,3.5,4.02,1.96
2023-24,2023-11-25,Thornbury Athletic,Queensbury FC,3,1,H,12,13,5,6,2.16,3.77,3.09
2023-24,2023-11-26,Eastbrook Town,Dunmore Athletic,0,0,D,8,12,4,3,3.08,3.25,2.4
2023-24,2023-11-26,Fairhaven FC,Stonebridge City,1,1,D,20,13,4,6,2.12,3.78,3.06
2023-24,2023-12-02,Ashford City,Castleton United,4,1,H,20,11,9,3,1.86,4.15,3.67
2023-24,2023-12-02,Eastbrook Town,Bramley Rovers,4,0,H,18,16,7,8,2.38,3.39,2.87
2023-24,2023-12-02,Glenwood Wanderers,Kingsport United,3,0,H,13,9,5,2,2.04,3.84,3.39
2023-24,2023-12-02,Harrowgate Albion,Oakvale Rovers,1,4,A,18,16,5,8,2.61,4.01,2.37
2023-24,2023-12-02,Millbrook City,Ironbridge Town,4,3,H,18,19,7,10,2.09,3.78,3.17
2023-24,2023-12-02,Portwell Town,Westfield Wanderers,1,1,D,17,21,3,10,2.18,3.7,3.15
2023-24,2023-12-02,Queensbury FC,Lakeside Rangers,2,1,H,24,13,9,5,2.12,3.67,3.27
2023-24,2023-12-02,Riverside United,Thornbury Athletic,2,1,H,22,14,6,2,2.3,3.98,2.75
2023-24,2023-12-03,Fairhaven FC,Dunmore Athletic,0,3,A,10,17,6,5,2.07,3.77,3.25
2023-24,2023-12-03,Northgate Athletic,Stonebridge City,0,0,D,8,15,2,3,2.88,3.53,2.38
2023-24,2023-12-09,Ashford City,Stonebridge City,3,2,H,27,14,8,6,1.71,4.75,3.96
2023-24,2023-12-09,Eastbrook Town,Ironbridge Town,1,2,A,17,19,7,7,3.08,3.31,2.38
2023-24,2023-12-09,Glenwood Wanderers,Castleton United,1,2,A,22,14,8,6,1.74,4.15,4.02
2023-24,2023-12-09,Harrowgate Albion,Thornbury Athletic,2,1,H,26,15,7,6,2.12,4.27,2.9
2023-24,2023-12-09,Lakeside Rangers,Westfield Wanderers,3,2,H,19,7,9,3,2.12,3.74,3.06
2023-24,2023-12-09,Millbrook City,Oakvale Rovers,1,2,A,23,24,7,8,3.61,3.93,1.9
2023-24,2023-12-09,Portwell Town,Kingsport United,2,0,H,18,14,6,1,2.25,3.32,3.26
2023-24,2023-12-09,Riverside United,Queensbury FC,0,0,D,12,13,2,2,2.05,3.82,3.33
2023-24,2023-12-10,Fairhaven FC,Bramley Rovers,1,1,D,13,11,3,8,1.81,3.95,3.88
2023-24,2023-12-10,Northgate Athletic,Dunmore Athletic,1,0,H,14,12,3,6,3.53,3.56,2.06
2023-24,2023-12-16,Eastbrook Town,Oakvale Rovers,2,2,D,15,19,6,6,4.98,3.96,1.68
2023-24,2023-12-16,Fairhaven FC,Ironbridge Town,1,4,A,17,24,5,9,1.91,3.74,3.68
2023-24,2023-12-16,Glenwood Wanderers,Stonebridge City,3,2,H,18,16,6,3,1.74,4.33,3.95
2023-24,2023-12-16,Harrowgate Albion,Riverside United,3,3,D,24,12,8,4,1.98,3.97,3.32
2023-24,2023-12-16,Lakeside Rangers,Kingsport United,1,3,A,21,12,7,4,2.61,3.64,2.54
2023-24,2023-12-16,Millbrook City,Thornbury Athletic,0,1,A,13,10,1,1,2.69,3.9,2.35
2023-24,2023-12-16,Portwell Town,Castleton United,0,0,D,12,14,2,4,2.2,3.51,3.17
2023-24,2023-12-16,Queensbury FC,Westfield Wanderers,0,1,A,17,14,4,7,2.61,3.48,2.55
2023-24,2023-12-17,Ashford City,Dunmore Athletic,3,0,H,20,12,5,2,1.91,4.17,3.5
2023-24,2023-12-17,Northgate Athletic,Bramley Rovers,3,1,H,19,11,7,2,2.32,3.68,2.85
2023-24,2023-12-23,Eastbrook Town,Thornbury Athletic,0,2,A,13,11,4,2,3.24,3.6,2.14
2023-24,2023-12-23,Fairhaven FC,Oakvale Rovers,3,1,H,23,14,11,4,2.83,3.69,2.29
2023-24,2023-12-23,Glenwood Wanderers,Dunmore Athletic,3,1,H,14,17,5,4,1.85,3.98,3.94
2023-24,2023-12-23,Harrowgate Albion,Queensbury FC,1,0,H,15,12,5,4,1.76,3.99,4.15
2023-24,2023-12-23,Lakeside Rangers,Castleton United,1,1,D,14,16,5,6,2.29,3.68,2.95
2023-24,2023-12-23,Millbrook City,Riverside United,0,1,A,18,15,3,3,2.29,3.68,2.88
2023-24,2023-12-23,Portwell Town,Stonebridge City,3,0,H,18,14,6,4,1.86,3.9,3.79
2023-24,2023-12-23,Westfield Wanderers,Kingsport United,1,0,H,15,17,6,3,2.45,3.52,2.71
2023-24,2023-12-24,Ashford City,Bramley Rovers,1,0,H,25,18,4,6,1.55,4.96,4.97
2023-24,2023-12-24,Northgate Athletic,Ironbridge Town,0,3,A,10,17,1,8,2.7,3.63,2.48
2023-24,2023-12-30,Eastbrook Town,Riverside United,0,0,D,10,18,5,3,3.2,3.42,2.25
2023-24,2023-12-30,Fairhaven FC,Thornbury Athletic,3,1,H,22,12,8,2,2.05,4.07,3.11
2023-24,2023-12-30,Lakeside Rangers,Stonebridge City,0,4,A,15,16,4,8,1.86,3.95,3.91
2023-24,2023-12-30,Millbrook City,Harrowgate Albion,0,2,A,14,19,3,7,2.72,3.82,2.31
2023-24,2023-12-30,Northgate Athletic,Oakvale Rovers,1,1,D,13,18,3,4,4.83,3.86,1.67
2023-24,2023-12-30,Portwell Town,Dunmore Athletic,0,2,A,14,6,5,5,2.21,3.47,3.13
2023-24,2023-12-30,Queensbury FC,Kingsport United,2,0,H,20,10,3,0,2.72,3.27,2.64
2023-24,2023-12-30,Westfield Wanderers,Castleton United,3,0,H,21,8,8,2,2.02,3.79,3.42
2023-24,2023-12-31,Ashford City,Ironbridge Town,1,2,A,25,18,5,9,1.61,4.61,4.6
2023-24,2023-12-31,Glenwood Wanderers,Bramley Rovers,0,3,A,28,14,4,6,1.44,5.09,5.82
2023-24,2024-01-06,Eastbrook Town,Harrowgate Albion,2,1,H,13,8,3,1,4.17,3.47,1.86
2023-24,2024-01-06,Fairhaven FC,Riverside United,2,1,H,19,10,3,3,1.9,3.89,3.77
2023-24,2024-01-06,Kingsport United,Castleton United,4,1,H,15,10,7,4,2.32,3.52,2.97
2023-24,2024-01-06,Lakeside Rangers,Dunmore Athletic,0,2,A,13,13,1,3,2.48,3.92,2.57
2023-24,2024-01-06,Millbrook City,Queensbury FC,1,1,D,16,6,5,3,2.27,3.7,2.97
2023-24,2024-01-06,Northgate Athletic,Thornbury Athletic,2,2,D,11,20,3,6,2.95,3.42,2.38
2023-24,2024-01-06,Portwell Town,Bramley Rovers,1,0,H,18,8,5,2,1.84,3.88,3.97
2023-24,2024-01-06,Westfield Wanderers,Stonebridge City,5,3,H,18,10,7,8,1.99,3.93,3.29
2023-24,2024-01-07,Ashford City,Oakvale Rovers,3,2,H,21,24,5,7,2.36,3.98,2.57
2023-24,2024-01-07,Glenwood Wanderers,Ironbridge Town,0,0,D,15,15,3,7,1.72,4.3,4.24
2023-24,2024-01-13,Ashford City,Thornbury Athletic,4,2,H,20,14,8,5,1.92,4.51,3.26
2023-24,2024-01-13,Eastbrook Town,Millbrook City,2,0,H,10,9,3,2,3.51,3.07,2.27
2023-24,2024-01-13,Fairhaven FC,Harrowgate Albion,1,0,H,19,19,4,5,2.62,3.85,2.37
2023-24,2024-01-13,Kingsport United,Stonebridge City,2,1,H,18,12,4,4,2.12,3.59,3.24
2023-24,2024-01-13,Lakeside Rangers,Bramley Rovers,0,2,A,23,18,5,3,2.13,3.85,3.13
2023-24,2024-01-13,Northgate Athletic,Riverside United,1,1,D,14,16,3,5,2.69,3.51,2.48
2023-24,2024-01-13,Queensbury FC,Castleton United,2,1,H,12,13,5,5,2.42,3.36,2.9
2023-24,2024-01-13,Westfield Wanderers,Dunmore Athletic,3,1,H,19,20,7,3,2.2,3.85,2.95
2023-24,2024-01-14,Glenwood Wanderers,Oakvale Rovers,1,0,H,11,12,4,3,2.43,3.78,2.64
2023-24,2024-01-14,Portwell Town,Ironbridge Town,2,2,D,17,18,6,5,2.25,3.36,3.17
2023-24,2024-01-20,Ashford City,Riverside United,2,0,H,29,11,12,3,1.6,4.71,4.54
2023-24,2024-01-20,Castleton United,Stonebridge City,0,2,A,16,14,3,7,2.21,3.61,3.08
2023-24,2024-01-20,Eastbrook Town,Queensbury FC,0,2,A,7,12,3,5,3.09,3.14,2.48
2023-24,2024-01-20,Fairhaven FC,Millbrook City,1,3,A,18,11,2,6,2.01,3.89,3.38
2023-24,2024-01-20,Kingsport United,Dunmore Athletic,1,3,A,19,14,2,4,2.13,3.63,3.3
2023-24,2024-01-20,Lakeside Rangers,Ironbridge Town,0,0,D,12,14,2,4,2.48,3.75,2.57
2023-24,2024-01-20,Northgate Athletic,Harrowgate Albion,0,1,A,17,17,5,6,3.39,3.64,2.06
2023-24,2024-01-20,Westfield Wanderers,Bramley Rovers,4,1,H,20,11,9,5,2.01,4.23,3.16
2023-24,2024-01-21,Glenwood Wanderers,Thornbury Athletic,2,2,D,27,15,12,6,1.92,4.14,3.39
2023-24,2024-01-21,Portwell Town,Oakvale Rovers,1,0,H,15,12,4,5,2.97,3.62,2.3
2023-24,2024-01-27,Ashford City,Harrowgate Albion,2,2,D,21,17,5,7,2.03,4.28,3.1
2023-24,2024-01-27,Castleton United,Dunmore Athletic,2,0,H,21,17,5,5,2.16,3.66,3.06
2023-24,2024-01-27,Fairhaven FC,Eastbrook Town,1,3,A,14,12,3,3,1.7,3.66,5.33
2023-24,2024-01-27,Glenwood Wanderers,Riverside United,4,0,H,20,8,9,2,1.65,4.27,4.69
2023-24,2024-01-27,Kingsport United,Bramley Rovers,3,0,H,19,17,6,7,1.76,4.14,4.13
2023-24,2024-01-27,Northgate Athletic,Millbrook City,1,1,D,13,13,4,4,2.5,3.21,2.96
2023-24,2024-01-27,Queensbury FC,Stonebridge City,1,0,H,8,18,4,6,2.5,3.76,2.57
2023-24,2024-01-27,Westfield Wanderers,Ironbridge Town,2,3,A,26,19,10,9,1.93,4.07,3.54
2023-24,2024-01-28,Lakeside Rangers,Oakvale Rovers,0,3,A,17,13,5,4,2.92,3.71,2.29
2023-24,2024-01-28,Portwell Town,Thornbury Athletic,1,1,D,18,16,5,5,2.77,3.59,2.44
2023-24,2024-02-03,Ashford City,Millbrook City,2,0,H,12,20,3,5,1.54,4.68,5.09
2023-24,2024-02-03,Castleton United,Bramley Rovers,1,3,A,28,13,9,6,1.71,4.07,4.39
2023-24,2024-02-03,Fairhaven FC,Queensbury FC,1,2,A,18,20,2,7,2.46,3.52,2.77
2023-24,2024-02-03,Glenwood Wanderers,Harrowgate Albion,1,2,A,21,13,7,5,1.9,4.08,3.53
2023-24,2024-02-03,Kingsport United,Ironbridge Town,1,1,D,20,13,8,3,1.8,3.82,4.04
2023-24,2024-02-03,Northgate Athletic,Eastbrook Town,0,2,A,12,15,3,4,2.01,3.2,4.2
2023-24,2024-02-03,Stonebridge City,Dunmore Athletic,0,0,D,14,15,1,4,2.07,4.08,3.1
2023-24,2024-02-03,Westfield Wanderers,Oakvale Rovers,0,1,A,19,19,2,6,2.51,3.74,2.61
2023-24,2024-02-04,Lakeside Rangers,Thornbury Athletic,2,0,H,19,17,5,2,3.0,3.86,2.14
2023-24,2024-02-04,Portwell Town,Riverside United,1,1,D,17,19,7,3,2.02,3.8,3.4
2023-24,2024-02-10,Ashford City,Eastbrook Town,2,1,H,23,6,5,1,1.43,4.76,7.06
2023-24,2024-02-10,Castleton United,Ironbridge Town,2,0,H,19,8,7,4,2.2,3.51,3.09
2023-24,2024-02-10,Glenwood Wanderers,Millbrook City,2,0,H,20,10,5,3,1.56,4.36,5.45
2023-24,2024-02-10,Kingsport United,Oakvale Rovers,1,1,D,15,11,6,4,2.53,3.49,2.66
2023-24,2024-02-10,Northgate Athletic,Fairhaven FC,0,0,D,13,20,1,11,2.77,3.29,2.52
2023-24,2024-02-10,Portwell Town,Harrowgate Albion,0,1,A,11,14,1,5,2.52,3.66,2.56
2023-24,2024-02-10,Queensbury FC,Dunmore Athletic,2,2,D,13,17,5,8,2.52,3.52,2.72
2023-24,2024-02-10,Stonebridge City,Bramley Rovers,2,0,H,29,14,7,2,1.91,3.86,3.55
2023-24,2024-02-11,Lakeside Rangers,Riverside United,4,1,H,26,14,7,5,2.07,3.67,3.24
2023-24,2024-02-11,Westfield Wanderers,Thornbury Athletic,2,0,H,20,13,6,2,2.26,3.91,2.81
2023-24,2024-02-17,Ashford City,Fairhaven FC,3,2,H,24,13,5,5,1.57,4.99,4.76
2023-24,2024-02-17,Castleton United,Oakvale Rovers,2,2,D,12,14,4,4,2.35,3.52,2.83
2023-24,2024-02-17,Dunmore Athletic,Bramley Rovers,2,4,A,23,17,10,6,1.65,4.48,4.29
2023-24,2024-02-17,Glenwood Wanderers,Eastbrook Town,2,2,D,24,9,4,4,1.52,4.16,6.62
2023-24,2024-02-17,Kingsport United,Thornbury Athletic,2,0,H,16,13,7,2,2.19,3.56,3.11
2023-24,2024-02-17,Northgate Athletic,Queensbury FC,2,2,D,17,12,7,3,2.49,3.22,2.86
2023-24,2024-02-17,Portwell Town,Millbrook City,2,1,H,16,13,4,6,2.15,3.41,3.45
2023-24,2024-02-17,Stonebridge City,Ironbridge Town,3,0,H,18,8,7,2,2.14,3.75,3.1
2023-24,2024-02-18,Lakeside Rangers,Harrowgate Albion,1,2,A,15,25,2,8,2.42,3.92,2.55
2023-24,2024-02-18,Westfield Wanderers,Riverside United,0,1,A,18,18,4,4,1.95,4.07,3.46
2023-24,2024-02-24,Ashford City,Northgate Athletic,1,1,D,16,12,3,2,1.63,4.34,4.84
2023-24,2024-02-24,Castleton United,Thornbury Athletic,2,0,H,20,13,8,4,2.1,3.78,3.11
2023-24,2024-02-24,Dunmore Athletic,Ironbridge Town,1,1,D,12,12,5,2,2.23,3.75,2.9
2023-24,2024-02-24,Glenwood Wanderers,Fairhaven FC,3,1,H,15,6,5,3,1.75,4.23,4.12
2023-24,2024-02-24,Lakeside Rangers,Millbrook City,0,2,A,21,10,3,4,2.05,3.97,3.26
2023-24,2024-02-24,Portwell Town,Eastbrook Town,1,1,D,7,12,3,2,1.74,3.48,5.47
2023-24,2024-02-24,Queensbury FC,Bramley Rovers,0,3,A,17,11,6,4,1.94,3.79,3.5
2023-24,2024-02-24,Stonebridge City,Oakvale Rovers,0,1,A,10,21,2,5,2.74,3.66,2.34
2023-24,2024-02-25,Kingsport United,Riverside United,0,1,A,17,10,6,6,1.72,4.04,4.33
2023-24,2024-02-25,Westfield Wanderers,Harrowgate Albion,3,3,D,17,21,6,8,2.1,4.05,3.05
2023-24,2024-03-02,Ashford City,Queensbury FC,5,2,H,21,17,9,5,1.73,4.23,4.21
2023-24,2024-03-02,Bramley Rovers,Ironbridge Town,1,4,A,16,22,5,8,2.3,3.83,2.77
2023-24,2024-03-02,Castleton United,Riverside United,2,1,H,22,7,6,4,1.75,3.9,4.37
2023-24,2024-03-02,Dunmore Athletic,Oakvale Rovers,1,1,D,19,9,8,3,2.05,3.94,3.18
2023-24,2024-03-02,Glenwood Wanderers,Northgate Athletic,1,1,D,19,10,6,4,1.51,4.46,6.03
2023-24,2024-03-02,Lakeside Rangers,Eastbrook Town,1,1,D,16,10,4,5,2.04,3.35,3.72
2023-24,2024-03-02,Portwell Town,Fairhaven FC,0,2,A,13,12,1,2,2.51,3.31,2.82
2023-24,2024-03-02,Stonebridge City,Thornbury Athletic,2,2,D,16,12,3,4,2.16,4.08,2.94
2023-24,2024-03-03,Kingsport United,Harrowgate Albion,2,1,H,16,16,6,4,2.27,3.76,2.93
2023-24,2024-03-03,Westfield Wanderers,Millbrook City,1,1,D,17,9,3,2,2.04,3.74,3.25
2023-24,2024-03-09,Bramley Rovers,Oakvale Rovers,1,1,D,12,17,3,8,3.24,3.86,2.02
2023-24,2024-03-09,Dunmore Athletic,Thornbury Athletic,2,2,D,13,16,4,5,2.17,3.87,2.9
2023-24,2024-03-09,Glenwood Wanderers,Ashford City,3,3,D,23,19,14,5,1.88,4.42,3.46
2023-24,2024-03-09,Lakeside Rangers,Fairhaven FC,0,1,A,10,11,5,1,1.94,3.83,3.55
2023-24,2024-03-09,Portwell Town,Northgate Athletic,0,0,D,11,13,2,1,2.11,3.3,3.58
2023-24,2024-03-09,Queensbury FC,Ironbridge Town,1,1,D,15,14,7,3,2.24,3.64,3.02
2023-24,2024-03-09,Stonebridge City,Riverside United,1,2,A,24,11,11,5,2.01,4.05,3.25
2023-24,2024-03-09,Westfield Wanderers,Eastbrook Town,1,3,A,14,7,3,4,1.79,3.6,4.68
2023-24,2024-03-10,Castleton United,Harrowgate Albion,5,1,H,19,10,13,7,2.27,3.86,2.88
2023-24,2024-03-10,Kingsport United,Millbrook City,1,1,D,15,14,5,7,1.85,3.83,4.08
2023-24,2024-03-16,Bramley Rovers,Thornbury Athletic,2,1,H,20,18,5,7,2.74,4.02,2.24
2023-24,2024-03-16,Dunmore Athletic,Riverside United,1,2,A,29,15,6,3,1.66,4.33,4.63
2023-24,2024-03-16,Glenwood Wanderers,Queensbury FC,1,0,H,19,7,8,3,1.68,3.98,4.88
2023-24,2024-03-16,Ironbridge Town,Oakvale Rovers,0,1,A,19,19,2,5,2.92,3.66,2.24
2023-24,2024-03-16,Lakeside Rangers,Northgate Athletic,5,1,H,22,10,8,2,2.1,3.57,3.36
2023-24,2024-03-16,Portwell Town,Ashford City,0,1,A,15,14,6,2,2.91,3.62,2.28
2023-24,2024-03-16,Stonebridge City,Harrowgate Albion,0,1,A,22,11,8,5,2.22,3.94,2.82
2023-24,2024-03-16,Westfield Wanderers,Fairhaven FC,4,3,H,20,17,6,7,2.1,3.82,3.07
2023-24,2024-03-17,Castleton United,Millbrook City,1,1,D,23,11,6,3,1.77,3.85,4.36
2023-24,2024-03-17,Kingsport United,Eastbrook Town,0,1,A,14,13,3,4,1.77,3.42,5.02
2023-24,2024-03-23,Bramley Rovers,Riverside United,0,1,A,10,19,2,7,2.46,3.81,2.63
2023-24,2024-03-23,Dunmore Athletic,Harrowgate Albion,3,0,H,16,10,4,1,1.86,4.18,3.54
2023-24,2024-03-23,Ironbridge Town,Thornbury Athletic,2,1,H,21,15,8,5,2.62,3.9,2.4
2023-24,2024-03-23,Kingsport United,Fairhaven FC,1,0,H,17,11,6,3,2.09,3.8,3.26
2023-24,2024-03-23,Lakeside Rangers,Ashford City,0,1,A,19,18,2,5,2.77,4.08,2.22
2023-24,2024-03-23,Portwell Town,Glenwood Wanderers,3,0,H,9,10,7,1,3.37,3.45,2.09
2023-24,2024-03-23,Queensbury FC,Oakvale Rovers,1,3,A,12,16,4,5,2.9,3.45,2.37
2023-24,2024-03-23,Westfield Wanderers,Northgate Athletic,2,2,D,9,11,3,6,1.91,3.63,3.78
2023-24,2024-03-24,Castleton United,Eastbrook Town,1,2,A,21,11,6,3,1.83,3.42,4.58
2023-24,2024-03-24,Stonebridge City,Millbrook City,1,1,D,17,11,6,5,2.0,3.81,3.47
2023-24,2024-03-30,Bramley Rovers,Harrowgate Albion,1,0,H,21,16,7,4,2.96,3.98,2.13
2023-24,2024-03-30,Dunmore Athletic,Millbrook City,0,2,A,20,17,6,3,1.93,3.78,3.64
2023-24,2024-03-30,Ironbridge Town,Riverside United,1,2,A,15,15,4,6,2.3,3.83,2.72
2023-24,2024-03-30,Kingsport United,Northgate Athletic,1,1,D,9,11,3,4,1.72,3.87,4.54
2023-24,2024-03-30,Lakeside Rangers,Glenwood Wanderers,1,0,H,15,17,4,5,3.14,3.87,2.1
2023-24,2024-03-30,Oakvale Rovers,Thornbury Athletic,0,2,A,17,20,2,6,1.89,3.94,3.55
2023-24,2024-03-30,Portwell Town,Queensbury FC,2,0,H,23,10,10,2,2.48,3.26,2.82
2023-24,2024-03-30,Westfield Wanderers,Ashford City,0,0,D,18,25,6,7,2.37,3.98,2.59
2023-24,2024-03-31,Castleton United,Fairhaven FC,1,0,H,21,17,8,6,2.06,3.59,3.55
2023-24,2024-03-31,Stonebridge City,Eastbrook Town,2,1,H,13,7,5,3,1.69,3.64,5.5
2023-24,2024-04-06,Bramley Rovers,Millbrook City,4,0,H,13,10,9,4,2.56,3.72,2.48
2023-24,2024-04-06,Castleton United,Northgate Athletic,0,1,A,13,12,4,3,1.71,3.76,4.83
2023-24,2024-04-06,Ironbridge Town,Harrowgate Albion,5,4,H,19,13,9,6,2.45,3.71,2.68
2023-24,2024-04-06,Kingsport United,Ashford City,1,0,H,15,15,7,5,2.36,3.84,2.7
2023-24,2024-04-06,Lakeside Rangers,Portwell Town,1,2,A,11,10,5,3,2.19,3.76,2.99
2023-24,2024-04-06,Oakvale Rovers,Riverside United,4,1,H,17,19,8,7,1.84,4.1,3.84
2023-24,2024-04-06,Queensbury FC,Thornbury Athletic,1,2,A,13,17,4,4,2.88,3.77,2.24
2023-24,2024-04-06,Westfield Wanderers,Glenwood Wanderers,0,0,D,7,15,3,4,2.98,3.67,2.27
2023-24,2024-04-07,Dunmore Athletic,Eastbrook Town,3,3,D,12,8,6,5,1.64,3.86,5.42
2023-24,2024-04-07,Stonebridge City,Fairhaven FC,4,4,D,16,18,8,8,1.78,3.94,4.03
2023-24,2024-04-13,Bramley Rovers,Eastbrook Town,3,4,A,13,14,5,5,2.06,3.43,3.66
2023-24,2024-04-13,Castleton United,Ashford City,0,0,D,16,16,2,4,2.44,3.7,2.65
2023-24,2024-04-13,Ironbridge Town,Millbrook City,2,0,H,20,15,9,4,2.1,3.67,3.38
2023-24,2024-04-13,Kingsport United,Glenwood Wanderers,2,0,H,17,11,6,4,2.98,3.68,2.21
2023-24,2024-04-13,Lakeside Rangers,Queensbury FC,1,1,D,14,10,4,4,2.22,3.58,3.12
2023-24,2024-04-13,Oakvale Rovers,Harrowgate Albion,6,1,H,28,14,10,5,1.73,4.34,4.22
2023-24,2024-04-13,Thornbury Athletic,Riverside United,2,1,H,16,22,11,5,1.85,3.93,3.87
2023-24,2024-04-13,Westfield Wanderers,Portwell Town,1,1,D,13,10,2,3,1.83,3.67,4.24
2023-24,2024-04-14,Dunmore Athletic,Fairhaven FC,2,0,H,17,16,6,4,1.8,4.11,3.99
2023-24,2024-04-14,Stonebridge City,Northgate Athletic,2,2,D,19,7,5,5,1.7,3.92,4.86
2023-24,2024-04-20,Castleton United,Glenwood Wanderers,0,5,A,12,16,4,9,2.9,3.57,2.36
2023-24,2024-04-20,Ironbridge Town,Eastbrook Town,2,0,H,21,10,8,2,1.7,3.67,5.03
2023-24,2024-04-20,Kingsport United,Portwell Town,3,2,H,23,13,9,4,2.18,3.42,3.4
2023-24,2024-04-20,Oakvale Rovers,Millbrook City,3,2,H,23,14,7,4,1.75,3.92,4.28
2023-24,2024-04-20,Queensbury FC,Riverside United,1,1,D,17,9,3,4,1.98,3.62,3.67
2023-24,2024-04-20,Stonebridge City,Ashford City,0,1,A,11,14,3,4,2.41,4.13,2.54
2023-24,2024-04-20,Thornbury Athletic,Harrowgate Albion,3,1,H,23,14,8,5,1.92,4.1,3.54
2023-24,2024-04-20,Westfield Wanderers,Lakeside Rangers,1,2,A,12,17,3,6,1.98,3.98,3.42
2023-24,2024-04-21,Bramley Rovers,Fairhaven FC,0,1,A,15,18,4,7,3.41,4.08,1.93
2023-24,2024-04-21,Dunmore Athletic,Northgate Athletic,1,1,D,29,10,7,3,1.79,3.72,4.31
2023-24,2024-04-27,Castleton United,Portwell Town,0,1,A,18,7,5,2,1.71,4.0,4.59
2023-24,2024-04-27,Ironbridge Town,Fairhaven FC,2,0,H,14,15,4,4,2.18,3.73,3.03
2023-24,2024-04-27,Kingsport United,Lakeside Rangers,2,1,H,16,13,5,4,2.02,3.7,3.53
2023-24,2024-04-27,Oakvale Rovers,Eastbrook Town,4,1,H,19,7,8,3,1.63,3.77,5.44
2023-24,2024-04-27,Riverside United,Harrowgate Albion,0,2,A,13,13,2,4,2.23,3.83,2.83
2023-24,2024-04-27,Stonebridge City,Glenwood Wanderers,1,0,H,12,19,1,6,2.44,3.71,2.69
2023-24,2024-04-27,Thornbury Athletic,Millbrook City,1,2,A,25,15,7,4,1.8,4.12,3.77
2023-24,2024-04-27,Westfield Wanderers,Queensbury FC,3,2,H,22,10,6,3,1.79,4.01,4.12
2023-24,2024-04-28,Bramley Rovers,Northgate Athletic,2,2,D,16,14,5,5,2.26,3.48,3.02
2023-24,2024-04-28,Dunmore Athletic,Ashford City,2,2,D,22,15,6,2,2.01,4.3,3.16
2024-25,2024-08-17,Bramley Rovers,Oakvale Rovers,2,0,H,19,17,4,2,3.08,3.6,2.19
2024-25,2024-08-17,Dunmore Athletic,Westfield Wanderers,0,1,A,14,11,5,3,1.94,4.09,3.39
2024-25,2024-08-17,Harrowgate Albion,Castleton United,0,0,D,14,15,3,3,2.57,3.39,2.66
2024-25,2024-08-17,Ironbridge Town,Millbrook City,3,0,H,25,10,7,1,1.7,4.55,4.02
2024-25,2024-08-17,Northgate Athletic,Lakeside Rangers,3,0,H,20,18,8,4,2.19,3.63,3.09
2024-25,2024-08-17,Portwell Town,Glenwood Wanderers,0,1,A,11,17,3,7,2.43,3.47,2.88
2024-25,2024-08-17,Queensbury FC,Stonebridge City,0,0,D,12,9,0,2,2.34,3.53,2.89
2024-25,2024-08-17,Riverside United,Ashford City,2,1,H,20,17,5,7,2.33,3.6,2.83
2024-25,2024-08-18,Eastbrook Town,Thornbury Athletic,1,1,D,16,18,4,3,3.32,3.81,2.02
2024-25,2024-08-18,Kingsport United,Fairhaven FC,1,0,H,14,11,5,3,2.09,3.31,3.64
2024-25,2024-08-24,Dunmore Athletic,Bramley Rovers,0,1,A,21,16,9,5,1.77,4.26,4.01
2024-25,2024-08-24,Harrowgate Albion,Ashford City,2,1,H,19,11,7,3,2.59,3.72,2.52
2024-25,2024-08-24,Ironbridge Town,Lakeside Rangers,3,1,H,25,12,7,2,1.44,4.96,5.98
2024-25,2024-08-24,Northgate Athletic,Westfield Wanderers,1,1,D,17,12,5,3,2.95,3.57,2.3
2024-25,2024-08-24,Oakvale Rovers,Glenwood Wanderers,4,2,H,24,11,9,5,2.07,3.69,3.43
2024-25,2024-08-24,Portwell Town,Castleton United,1,1,D,9,14,4,3,2.68,2.95,2.89
2024-25,2024-08-24,Queensbury FC,Millbrook City,1,1,D,17,19,4,6,2.2,3.97,2.88
2024-25,2024-08-24,Riverside United,Thornbury Athletic,2,3,A,18,14,8,8,2.22,3.89,2.8
2024-25,2024-08-25,Eastbrook Town,Fairhaven FC,1,0,H,13,12,3,2,2.8,3.0,2.74
2024-25,2024-08-25,Kingsport United,Stonebridge City,2,0,H,17,3,5,0,2.15,3.31,3.39
2024-25,2024-08-31,Bramley Rovers,Glenwood Wanderers,0,1,A,13,26,2,8,2.68,3.52,2.57
2024-25,2024-08-31,Harrowgate Albion,Thornbury Athletic,1,3,A,27,18,10,9,3.12,4.22,2.04
2024-25,2024-08-31,Ironbridge Town,Westfield Wanderers,3,3,D,24,10,11,6,2.24,3.74,2.89
2024-25,2024-08-31,Kingsport United,Millbrook City,1,1,D,20,18,4,9,2.17,3.59,3.26
2024-25,2024-08-31,Northgate Athletic,Dunmore Athletic,0,1,A,16,16,6,4,2.73,3.84,2.3
2024-25,2024-08-31,Oakvale Rovers,Castleton United,2,0,H,17,11,4,3,2.12,3.25,3.58
2024-25,2024-08-31,Portwell Town,Ashford City,0,1,A,12,13,1,3,2.43,3.5,2.75
2024-25,2024-08-31,Queensbury FC,Lakeside Rangers,2,0,H,19,10,7,2,2.06,3.64,3.4
2024-25,2024-09-01,Eastbrook Town,Stonebridge City,3,0,H,11,13,7,2,3.03,2.96,2.58
2024-25,2024-09-01,Riverside United,Fairhaven FC,1,1,D,19,13,3,3,2.0,3.34,3.86
2024-25,2024-09-07,Glenwood Wanderers,Castleton United,1,0,H,11,9,1,2,2.33,3.25,3.09
2024-25,2024-09-07,Harrowgate Albion,Fairhaven FC,1,2,A,16,13,5,5,2.15,3.6,3.25
2024-25,2024-09-07,Ironbridge Town,Dunmore Athletic,6,2,H,28,23,13,6,1.83,4.16,3.64
2024-25,2024-09-07,Kingsport United,Lakeside Rangers,3,0,H,25,11,11,1,1.71,3.79,5.01
2024-25,2024-09-07,Northgate Athletic,Bramley Rovers,2,1,H,27,14,5,1,2.1,3.77,3.17
2024-25,2024-09-07,Oakvale Rovers,Ashford City,2,1,H,23,24,8,10,2.05,3.76,3.24
2024-25,2024-09-07,Portwell Town,Thornbury Athletic,1,2,A,18,17,2,9,2.55,3.77,2.45
2024-25,2024-09-07,Queensbury FC,Westfield Wanderers,2,1,H,17,15,8,3,2.54,3.64,2.54
2024-25,2024-09-08,Eastbrook Town,Millbrook City,1,1,D,9,14,2,4,2.78,3.44,2.47
2024-25,2024-09-08,Riverside United,Stonebridge City,2,2,D,19,9,5,3,1.95,3.37,4.23
2024-25,2024-09-14,Bramley Rovers,Castleton United,0,1,A,12,20,3,6,2.8,3.32,2.55
2024-25,2024-09-14,Eastbrook Town,Lakeside Rangers,0,1,A,14,14,4,3,2.41,3.04,3.16
2024-25,2024-09-14,Glenwood Wanderers,Ashford City,0,0,D,13,13,0,2,2.32,3.83,2.74
2024-25,2024-09-14,Ironbridge Town,Northgate Athletic,3,0,H,21,11,5,2,1.52,4.6,5.62
2024-25,2024-09-14,Kingsport United,Westfield Wanderers,1,0,H,5,9,3,3,2.3,3.41,2.98
2024-25,2024-09-14,Oakvale Rovers,Thornbury Athletic,0,3,A,19,24,5,9,2.1,4.28,2.96
2024-25,2024-09-14,Portwell Town,Fairhaven FC,2,1,H,18,9,6,5,2.35,3.25,3.08
2024-25,2024-09-14,Queensbury FC,Dunmore Athletic,1,1,D,18,9,4,4,2.54,3.88,2.48
2024-25,2024-09-15,Harrowgate Albion,Stonebridge City,1,0,H,18,13,3,2,2.26,3.51,2.97
2024-25,2024-09-15,Riverside United,Millbrook City,5,4,H,20,24,9,10,2.33,3.52,2.92
2024-25,2024-09-21,Castleton United,Ashford City,1,2,A,16,12,3,5,2.48,3.4,2.72
2024-25,2024-09-21,Eastbrook Town,Westfield Wanderers,2,2,D,11,12,6,4,3.29,3.28,2.22
2024-25,2024-09-21,Glenwood Wanderers,Thornbury Athletic,2,2,D,18,13,6,7,2.56,3.92,2.41
2024-25,2024-09-21,Ironbridge Town,Bramley Rovers,1,1,D,30,17,7,5,1.54,4.63,5.42
2024-25,2024-09-21,Kingsport United,Dunmore Athletic,2,5,A,26,22,4,12,2.01,3.72,3.4
2024-25,2024-09-21,Oakvale Rovers,Fairhaven FC,3,0,H,20,11,8,4,1.96,3.68,3.58
2024-25,2024-09-21,Portwell Town,Stonebridge City,0,3,A,9,20,2,9,2.07,3.45,3.46
2024-25,2024-09-21,Queensbury FC,Northgate Athletic,2,0,H,21,20,7,6,2.0,3.8,3.47
2024-25,2024-09-22,Harrowgate Albion,Millbrook City,3,3,D,25,16,9,6,2.74,4.01,2.28
2024-25,2024-09-22,Riverside United,Lakeside Rangers,0,3,A,17,10,4,5,1.95,3.49,4.05
2024-25,2024-09-28,Bramley Rovers,Ashford City,1,3,A,10,16,5,6,2.68,3.75,2.37
2024-25,2024-09-28,Castleton United,Thornbury Athletic,1,0,H,18,16,4,4,2.6,3.77,2.42
2024-25,2024-09-28,Eastbrook Town,Dunmore Athletic,1,1,D,16,13,6,2,3.19,3.47,2.23
2024-25,2024-09-28,Glenwood Wanderers,Fairhaven FC,0,5,A,20,14,8,7,2.15,3.41,3.43
2024-25,2024-09-28,Kingsport United,Northgate Athletic,1,0,H,21,8,9,0,1.82,3.69,4.43
2024-25,2024-09-28,Oakvale Rovers,Stonebridge City,1,1,D,14,8,4,1,2.08,3.51,3.51
2024-25,2024-09-28,Queensbury FC,Ironbridge Town,1,1,D,18,18,6,5,2.8,4.0,2.28
2024-25,2024-09-28,Riverside United,Westfield Wanderers,1,0,H,14,8,5,1,2.66,3.45,2.59
2024-25,2024-09-29,Harrowgate Albion,Lakeside Rangers,1,0,H,13,18,4,2,2.19,3.62,3.07
2024-25,2024-09-29,Portwell Town,Millbrook City,2,0,H,18,12,5,3,2.7,3.67,2.46
2024-25,2024-10-05,Ashford City,Thornbury Athletic,2,0,H,24,22,6,6,2.24,4.11,2.68
2024-25,2024-10-05,Castleton United,Fairhaven FC,3,1,H,18,10,9,4,2.56,3.01,3.07
2024-25,2024-10-05,Eastbrook Town,Northgate Athletic,1,0,H,11,13,4,0,2.69,3.11,2.79
2024-25,2024-10-05,Glenwood Wanderers,Stonebridge City,0,1,A,12,11,3,3,2.27,3.42,3.02
2024-25,2024-10-05,Kingsport United,Ironbridge Town,1,2,A,15,14,1,4,2.18,3.75,3.01
2024-25,2024-10-05,Oakvale Rovers,Millbrook City,3,1,H,25,11,6,3,2.03,3.88,3.18
2024-25,2024-10-05,Queensbury FC,Bramley Rovers,2,0,H,21,10,7,3,2.13,3.69,3.24
2024-25,2024-10-05,Riverside United,Dunmore Athletic,1,0,H,22,13,3,3,1.95,3.7,3.65
2024-25,2024-10-06,Harrowgate Albion,Westfield Wanderers,3,3,D,17,18,7,7,3.16,3.86,2.12
2024-25,2024-10-06,Portwell Town,Lakeside Rangers,1,1,D,10,12,4,5,2.03,3.53,3.53
2024-25,2024-10-12,Ashford City,Fairhaven FC,5,2,H,19,14,7,4,1.93,3.63,3.81
2024-25,2024-10-12,Bramley Rovers,Thornbury Athletic,3,4,A,15,26,9,13,2.91,4.45,2.01
2024-25,2024-10-12,Castleton United,Stonebridge City,2,2,D,15,14,5,2,2.57,3.19,2.9
2024-25,2024-10-12,Eastbrook Town,Ironbridge Town,4,1,H,10,16,5,5,4.0,3.53,1.93
2024-25,2024-10-12,Glenwood Wanderers,Millbrook City,2,1,H,23,16,9,6,2.12,3.93,3.04
2024-25,2024-10-12,Harrowgate Albion,Dunmore Athletic,3,2,H,13,22,5,12,2.73,3.83,2.37
2024-25,2024-10-12,Kingsport United,Queensbury FC,2,1,H,23,15,5,3,2.0,3.56,3.65
2024-25,2024-10-12,Riverside United,Northgate Athletic,3,0,H,20,15,8,4,1.79,3.84,4.39
2024-25,2024-10-13,Oakvale Rovers,Lakeside Rangers,3,0,H,21,12,10,3,1.77,3.72,4.39
2024-25,2024-10-13,Portwell Town,Westfield Wanderers,1,0,H,12,16,5,3,2.56,3.27,2.75
2024-25,2024-10-19,Ashford City,Stonebridge City,1,0,H,11,17,3,2,2.31,3.49,2.97
2024-25,2024-10-19,Castleton United,Millbrook City,0,1,A,11,15,2,3,2.57,3.61,2.6
2024-25,2024-10-19,Eastbrook Town,Queensbury FC,0,1,A,17,10,6,4,3.21,3.39,2.18
2024-25,2024-10-19,Glenwood Wanderers,Lakeside Rangers,1,0,H,14,15,4,3,1.96,3.58,3.64
2024-25,2024-10-19,Harrowgate Albion,Northgate Athletic,1,2,A,17,15,7,5,2.1,3.52,3.41
2024-25,2024-10-19,Kingsport United,Bramley Rovers,1,4,A,16,10,3,5,1.91,3.79,3.81
2024-25,2024-10-19,Riverside United,Ironbridge Town,3,0,H,13,14,5,3,2.62,3.5,2.6
2024-25,2024-10-19,Thornbury Athletic,Fairhaven FC,4,0,H,25,17,10,6,1.61,4.75,4.47
2024-25,2024-10-20,Oakvale Rovers,Westfield Wanderers,0,2,A,14,20,5,6,2.4,3.68,2.72
2024-25,2024-10-20,Portwell Town,Dunmore Athletic,2,2,D,16,16,7,5,2.79,3.7,2.37
2024-25,2024-10-26,Ashford City,Millbrook City,1,3,A,22,17,7,3,1.78,4.5,3.76
2024-25,2024-10-26,Bramley Rovers,Fairhaven FC,3,0,H,14,10,6,2,2.42,3.55,2.78
2024-25,2024-10-26,Castleton United,Lakeside Rangers,3,1,H,23,11,12,4,1.85,3.51,4.28
2024-25,2024-10-26,Eastbrook Town,Kingsport United,0,1,A,12,9,6,3,3.3,2.93,2.38
2024-25,2024-10-26,Harrowgate Albion,Ironbridge Town,1,0,H,14,12,5,2,3.11,3.92,2.13
2024-25,2024-10-26,Portwell Town,Northgate Athletic,0,2,A,14,16,1,5,1.91,3.39,4.2
2024-25,2024-10-26,Riverside United,Queensbury FC,3,1,H,22,13,10,7,1.72,3.88,4.42
2024-25,2024-10-26,Thornbury Athletic,Stonebridge City,3,0,H,20,11,8,4,1.83,4.04,3.75
2024-25,2024-10-27,Glenwood Wanderers,Westfield Wanderers,2,0,H,10,16,6,5,2.83,3.73,2.3
2024-25,2024-10-27,Oakvale Rovers,Dunmore Athletic,3,0,H,19,12,8,3,2.1,3.83,3.1
2024-25,2024-11-02,Ashford City,Lakeside Rangers,1,1,D,16,9,3,4,1.62,4.29,5.01
2024-25,2024-11-02,Castleton United,Westfield Wanderers,1,2,A,11,21,5,6,2.72,3.25,2.63
2024-25,2024-11-02,Eastbrook Town,Bramley Rovers,1,2,A,10,11,2,2,2.3,3.29,3.14
2024-25,2024-11-02,Fairhaven FC,Stonebridge City,0,0,D,9,15,1,4,2.52,3.22,2.89
2024-25,2024-11-02,Harrowgate Albion,Queensbury FC,2,2,D,18,15,7,5,2.52,3.74,2.56
2024-25,2024-11-02,Portwell Town,Ironbridge Town,1,5,A,16,16,2,6,3.41,3.43,2.13
2024-25,2024-11-02,Riverside United,Kingsport United,3,1,H,15,10,7,3,1.97,3.46,3.83
2024-25,2024-11-02,Thornbury Athletic,Millbrook City,4,2,H,26,25,7,9,1.64,4.88,4.11
2024-25,2024-11-03,Glenwood Wanderers,Dunmore Athletic,2,4,A,20,20,5,8,2.34,3.84,2.79
2024-25,2024-11-03,Oakvale Rovers,Northgate Athletic,1,0,H,21,11,7,6,1.85,3.89,3.91
2024-25,2024-11-09,Ashford City,Westfield Wanderers,0,2,A,21,14,5,7,2.58,3.72,2.46
2024-25,2024-11-09,Bramley Rovers,Stonebridge City,1,1,D,19,19,3,6,3.05,3.53,2.21
2024-25,2024-11-09,Fairhaven FC,Millbrook City,1,0,H,17,13,4,4,2.26,3.72,2.86
2024-25,2024-11-09,Harrowgate Albion,Kingsport United,2,1,H,13,18,6,7,2.66,3.42,2.6
2024-25,2024-11-09,Oakvale Rovers,Ironbridge Town,3,1,H,19,13,8,6,2.62,3.72,2.43
2024-25,2024-11-09,Portwell Town,Queensbury FC,1,1,D,14,21,4,5,2.34,3.42,2.95
2024-25,2024-11-09,Riverside United,Eastbrook Town,2,0,H,16,8,6,2,1.58,3.84,5.98
2024-25,2024-11-09,Thornbury Athletic,Lakeside Rangers,6,1,H,28,20,9,4,1.49,5.13,5.49
2024-25,2024-11-10,Castleton United,Dunmore Athletic,3,2,H,17,23,7,6,2.1,3.69,3.2
2024-25,2024-11-10,Glenwood Wanderers,Northgate Athletic,1,0,H,20,10,6,2,2.04,3.72,3.46
2024-25,2024-11-16,Ashford City,Dunmore Athletic,2,1,H,16,15,4,6,1.92,4.29,3.36
2024-25,2024-11-16,Fairhaven FC,Lakeside Rangers,0,1,A,12,13,1,6,2.17,3.47,3.37
2024-25,2024-11-16,Harrowgate Albion,Eastbrook Town,1,4,A,10,18,2,5,1.94,3.3,4.13
2024-25,2024-11-16,Oakvale Rovers,Queensbury FC,1,1,D,16,11,5,4,2.02,3.75,3.41
2024-25,2024-11-16,Portwell Town,Kingsport United,1,2,A,12,10,2,5,2.59,3.15,2.83
2024-25,2024-11-16,Riverside United,Bramley Rovers,2,0,H,29,10,10,4,1.7,4.08,4.57
2024-25,2024-11-16,Stonebridge City,Millbrook City,3,0,H,17,7,8,5,1.9,4.08,3.59
2024-25,2024-11-16,Thornbury Athletic,Westfield Wanderers,0,2,A,18,27,5,7,2.45,4.03,2.47
2024-25,2024-11-17,Castleton United,Northgate Athletic,0,1,A,13,7,5,3,2.13,3.33,3.57
2024-25,2024-11-17,Glenwood Wanderers,Ironbridge Town,2,1,H,17,15,9,2,2.45,3.68,2.68
2024-25,2024-11-23,Bramley Rovers,Millbrook City,0,1,A,14,24,4,5,2.44,3.98,2.55
2024-25,2024-11-23,Fairhaven FC,Westfield Wanderers,0,1,A,9,13,3,3,3.25,3.38,2.18
2024-25,2024-11-23,Glenwood Wanderers,Queensbury FC,1,3,A,17,17,7,7,2.01,3.69,3.41
2024-25,2024-11-23,Harrowgate Albion,Riverside United,2,1,H,12,15,5,4,2.9,3.5,2.4
2024-25,2024-11-23,Oakvale Rovers,Kingsport United,0,2,A,12,20,6,9,2.0,3.55,3.76
2024-25,2024-11-23,Portwell Town,Eastbrook Town,1,0,H,14,5,8,0,2.1,2.96,4.29
2024-25,2024-11-23,Stonebridge City,Lakeside Rangers,1,0,H,17,9,3,1,1.78,3.81,4.44
2024-25,2024-11-23,Thornbury Athletic,Dunmore Athletic,4,2,H,30,23,12,7,1.82,4.73,3.45
2024-25,2024-11-24,Ashford City,Northgate Athletic,2,0,H,22,9,7,4,1.72,4.13,4.43
2024-25,2024-11-24,Castleton United,Ironbridge Town,0,2,A,7,20,1,7,2.92,3.5,2.39
2024-25,2024-11-30,Fairhaven FC,Dunmore Athletic,0,0,D,16,19,4,6,2.22,3.86,2.85
2024-25,2024-11-30,Glenwood Wanderers,Kingsport United,3,0,H,12,14,6,5,2.02,3.4,3.77
2024-25,2024-11-30,Harrowgate Albion,Bramley Rovers,0,1,A,9,16,1,6,1.97,3.87,3.54
2024-25,2024-11-30,Millbrook City,Lakeside Rangers,2,1,H,19,13,5,3,1.84,3.99,3.7
2024-25,2024-11-30,Oakvale Rovers,Eastbrook Town,2,2,D,16,9,7,3,1.7,3.68,5.08
2024-25,2024-11-30,Portwell Town,Riverside United,1,2,A,11,13,5,5,2.99,3.23,2.47
2024-25,2024-11-30,Stonebridge City,Westfield Wanderers,1,2,A,10,11,6,3,3.55,3.64,2.01
2024-25,2024-11-30,Thornbury Athletic,Northgate Athletic,1,2,A,17,16,6,4,1.6,4.72,4.58
2024-25,2024-12-01,Ashford City,Ironbridge Town,3,0,H,19,13,10,2,2.18,4.1,2.87
2024-25,2024-12-01,Castleton United,Queensbury FC,2,5,A,12,18,3,9,2.4,3.39,2.92
2024-25,2024-12-07,Bramley Rovers,Lakeside Rangers,3,2,H,21,10,8,3,2.62,3.55,2.53
2024-25,2024-12-07,Castleton United,Kingsport United,1,1,D,8,12,4,3,2.72,2.98,2.89
2024-25,2024-12-07,Fairhaven FC,Northgate Athletic,2,0,H,14,11,3,1,2.2,3.4,3.26
2024-25,2024-12-07,Glenwood Wanderers,Eastbrook Town,0,1,A,18,9,4,4,1.82,3.37,4.75
2024-25,2024-12-07,Millbrook City,Westfield Wanderers,1,1,D,22,21,6,8,2.88,3.96,2.22
2024-25,2024-12-07,Oakvale Rovers,Riverside United,0,1,A,13,14,4,3,2.37,3.42,2.92
2024-25,2024-12-07,Portwell Town,Harrowgate Albion,2,0,H,24,7,7,4,2.12,3.47,3.45
2024-25,2024-12-07,Stonebridge City,Dunmore Athletic,2,0,H,12,16,2,4,2.34,3.8,2.72
2024-25,2024-12-08,Ashford City,Queensbury FC,1,1,D,26,15,6,4,2.02,3.96,3.2
2024-25,2024-12-08,Thornbury Athletic,Ironbridge Town,2,0,H,29,21,10,9,2.12,4.3,2.87
2024-25,2024-12-14,Castleton United,Eastbrook Town,0,1,A,13,11,1,4,2.26,2.9,3.7
2024-25,2024-12-14,Fairhaven FC,Ironbridge Town,0,0,D,11,17,1,5,3.07,3.66,2.22
2024-25,2024-12-14,Glenwood Wanderers,Riverside United,0,2,A,12,19,1,7,2.69,3.38,2.55
2024-25,2024-12-14,Lakeside Rangers,Westfield Wanderers,1,0,H,18,19,5,2,3.19,3.6,2.15
2024-25,2024-12-14,Millbrook City,Dunmore Athletic,0,2,A,15,22,2,8,2.51,4.04,2.4
2024-25,2024-12-14,Oakvale Rovers,Harrowgate Albion,4,1,H,29,15,11,8,1.88,3.9,3.85
2024-25,2024-12-14,Portwell Town,Bramley Rovers,1,1,D,13,13,5,5,1.86,3.69,4.23
2024-25,2024-12-14,Stonebridge City,Northgate Athletic,3,1,H,17,8,6,3,1.76,3.72,4.51
2024-25,2024-12-15,Ashford City,Kingsport United,0,4,A,13,14,4,7,1.94,3.65,3.7
2024-25,2024-12-15,Thornbury Athletic,Queensbury FC,4,3,H,30,17,11,4,1.61,5.06,4.35
2024-25,2024-12-21,Ashford City,Eastbrook Town,0,0,D,18,8,3,2,1.64,3.86,5.2
2024-25,2024-12-21,Bramley Rovers,Westfield Wanderers,2,2,D,20,22,2,6,3.73,3.83,1.91
2024-25,2024-12-21,Castleton United,Riverside United,1,1,D,7,15,2,5,3.23,3.2,2.33
2024-25,2024-12-21,Glenwood Wanderers,Harrowgate Albion,2,1,H,20,8,7,1,2.0,3.68,3.62
2024-25,2024-12-21,Lakeside Rangers,Dunmore Athletic,2,0,H,15,20,5,5,3.33,3.87,2.01
2024-25,2024-12-21,Millbrook City,Northgate Athletic,1,0,H,23,20,4,5,2.04,3.93,3.15
2024-25,2024-12-21,Oakvale Rovers,Portwell Town,0,1,A,15,9,1,3,2.0,3.3,3.92
2024-25,2024-12-21,Stonebridge City,Ironbridge Town,1,4,A,17,20,8,7,2.31,3.73,2.83
2024-25,2024-12-22,Fairhaven FC,Queensbury FC,2,0,H,13,10,5,2,2.38,3.62,2.72
2024-25,2024-12-22,Thornbury Athletic,Kingsport United,5,1,H,27,16,9,3,1.79,4.48,3.59
2024-25,2024-12-28,Ashford City,Riverside United,1,0,H,15,12,3,2,2.73,3.71,2.4
2024-25,2024-12-28,Castleton United,Harrowgate Albion,1,1,D,8,12,5,4,2.24,3.32,3.29
2024-25,2024-12-28,Glenwood Wanderers,Portwell Town,1,0,H,9,13,3,1,2.17,3.29,3.42
2024-25,2024-12-28,Lakeside Rangers,Northgate Athletic,1,1,D,12,15,3,6,2.46,3.32,2.8
2024-25,2024-12-28,Millbrook City,Ironbridge Town,3,8,A,14,21,5,10,2.78,4.16,2.22
2024-25,2024-12-28,Oakvale Rovers,Bramley Rovers,2,1,H,23,8,8,3,1.59,4.39,4.97
2024-25,2024-12-28,Stonebridge City,Queensbury FC,0,2,A,11,13,4,5,2.38,3.67,2.79
2024-25,2024-12-28,Westfield Wanderers,Dunmore Athletic,4,0,H,19,12,5,2,1.91,3.94,3.59
2024-25,2024-12-29,Fairhaven FC,Kingsport United,2,0,H,15,6,5,2,2.78,3.33,2.57
2024-25,2024-12-29,Thornbury Athletic,Eastbrook Town,2,1,H,17,12,8,2,1.61,4.36,5.01
2024-25,2025-01-04,Ashford City,Harrowgate Albion,5,1,H,26,7,7,2,1.71,4.25,4.19
2024-25,2025-01-04,Bramley Rovers,Dunmore Athletic,4,4,D,17,27,4,9,3.09,4.24,2.05
2024-25,2025-01-04,Castleton United,Portwell Town,0,1,A,7,10,1,2,2.77,2.91,2.9
2024-25,2025-01-04,Glenwood Wanderers,Oakvale Rovers,1,2,A,18,14,3,4,2.26,3.57,2.96
2024-25,2025-01-04,Lakeside Rangers,Ironbridge Town,3,1,H,12,17,4,3,3.52,3.81,1.93
2024-25,2025-01-04,Millbrook City,Queensbury FC,5,1,H,28,18,15,4,2.71,3.95,2.33
2024-25,2025-01-04,Thornbury Athletic,Riverside United,3,2,H,21,20,7,7,2.08,4.15,2.97
2024-25,2025-01-04,Westfield Wanderers,Northgate Athletic,2,0,H,17,8,6,0,1.76,3.81,4.47
2024-25,2025-01-05,Fairhaven FC,Eastbrook Town,1,1,D,14,9,2,1,2.08,3.02,4.06
2024-25,2025-01-05,Stonebridge City,Kingsport United,1,1,D,13,9,5,3,2.2,3.35,3.36
2024-25,2025-01-11,Ashford City,Portwell Town,4,0,H,20,12,9,7,2.02,3.41,3.82
2024-25,2025-01-11,Castleton United,Oakvale Rovers,2,2,D,12,12,5,4,3.36,3.36,2.2
2024-25,2025-01-11,Dunmore Athletic,Northgate Athletic,0,1,A,23,16,5,6,1.62,4.21,4.85
2024-25,2025-01-11,Glenwood Wanderers,Bramley Rovers,1,1,D,16,9,9,5,1.8,3.89,4.1
2024-25,2025-01-11,Lakeside Rangers,Queensbury FC,4,4,D,20,16,11,7,2.96,3.65,2.23
2024-25,2025-01-11,Millbrook City,Kingsport United,2,2,D,29,18,10,4,2.64,3.77,2.42
2024-25,2025-01-11,Thornbury Athletic,Harrowgate Albion,4,1,H,17,8,7,5,1.49,5.07,5.23
2024-25,2025-01-11,Westfield Wanderers,Ironbridge Town,2,3,A,17,15,6,6,1.95,4.1,3.4
2024-25,2025-01-12,Fairhaven FC,Riverside United,1,1,D,11,18,4,5,3.01,3.57,2.22
2024-25,2025-01-12,Stonebridge City,Eastbrook Town,3,1,H,19,8,6,3,1.74,3.58,5.23
2024-25,2025-01-18,Ashford City,Oakvale Rovers,2,3,A,20,19,6,9,2.01,3.84,3.26
2024-25,2025-01-18,Bramley Rovers,Northgate Athletic,0,1,A,13,16,2,5,2.13,3.65,3.12
2024-25,2025-01-18,Castleton United,Glenwood Wanderers,3,1,H,14,7,7,2,2.9,3.15,2.51
2024-25,2025-01-18,Dunmore Athletic,Ironbridge Town,4,2,H,20,14,7,7,2.0,4.24,3.06
2024-25,2025-01-18,Fairhaven FC,Harrowgate Albion,1,1,D,13,6,4,3,1.86,3.6,4.15
2024-25,2025-01-18,Lakeside Rangers,Kingsport United,1,1,D,10,16,4,4,3.11,3.35,2.32
2024-25,2025-01-18,Thornbury Athletic,Portwell Town,4,0,H,22,10,8,2,1.77,4.2,3.94
2024-25,2025-01-18,Westfield Wanderers,Queensbury FC,1,2,A,25,10,6,4,1.99,3.86,3.49
2024-25,2025-01-19,Millbrook City,Eastbrook Town,0,2,A,18,10,4,4,1.79,3.75,4.34
2024-25,2025-01-19,Stonebridge City,Riverside United,1,0,H,4,15,2,5,2.54,3.55,2.61
2024-25,2025-01-25,Ashford City,Glenwood Wanderers,3,0,H,15,12,8,4,1.83,3.93,3.96
2024-25,2025-01-25,Castleton United,Bramley Rovers,1,0,H,20,7,7,1,2.51,3.18,2.85
2024-25,2025-01-25,Dunmore Athletic,Queensbury FC,1,1,D,15,22,4,5,1.86,4.25,3.56
2024-25,2025-01-25,Fairhaven FC,Portwell Town,1,1,D,15,11,6,3,2.27,3.27,3.31
2024-25,2025-01-25,Lakeside Rangers,Eastbrook Town,3,0,H,18,10,7,1,2.3,3.02,3.39
2024-25,2025-01-25,Northgate Athletic,Ironbridge Town,4,4,D,18,19,12,8,2.9,3.94,2.19
2024-25,2025-01-25,Thornbury Athletic,Oakvale Rovers,2,1,H,33,20,10,4,1.8,4.48,3.66
2024-25,2025-01-25,Westfield Wanderers,Kingsport United,2,0,H,23,11,6,3,1.9,3.85,3.83
2024-25,2025-01-26,Millbrook City,Riverside United,0,1,A,22,20,7,10,2.89,3.9,2.23
2024-25,2025-01-26,Stonebridge City,Harrowgate Albion,4,3,H,21,9,9,6,1.89,3.74,3.93
2024-25,2025-02-01,Ashford City,Castleton United,6,1,H,26,10,10,2,1.8,3.77,4.26
2024-25,2025-02-01,Bramley Rovers,Ironbridge Town,1,2,A,10,22,5,6,3.62,3.89,1.88
2024-25,2025-02-01,Dunmore Athletic,Kingsport United,4,2,H,25,15,11,4,1.79,4.0,4.13
2024-25,2025-02-01,Fairhaven FC,Oakvale Rovers,2,2,D,12,14,3,5,2.71,3.46,2.55
2024-25,2025-02-01,Northgate Athletic,Queensbury FC,2,2,D,15,26,6,10,3.24,3.84,2.07
2024-25,2025-02-01,Stonebridge City,Portwell Town,1,0,H,16,10,3,5,2.09,3.16,3.87
2024-25,2025-02-01,Thornbury Athletic,Glenwood Wanderers,0,0,D,19,15,7,3,1.85,4.41,3.48
2024-25,2025-02-01,Westfield Wanderers,Eastbrook Town,2,1,H,20,8,7,3,2.08,3.26,3.73
2024-25,2025-02-02,Lakeside Rangers,Riverside United,0,1,A,13,17,2,4,3.52,3.4,2.07
2024-25,2025-02-02,Millbrook City,Harrowgate Albion,2,1,H,18,10,4,1,2.06,3.84,3.2
2024-25,2025-02-08,Ashford City,Bramley Rovers,1,1,D,16,9,5,4,1.6,4.34,4.87
2024-25,2025-02-08,Dunmore Athletic,Eastbrook Town,0,1,A,27,13,4,4,1.78,3.81,4.17
2024-25,2025-02-08,Fairhaven FC,Glenwood Wanderers,1,0,H,19,11,4,4,2.22,3.41,3.26
2024-25,2025-02-08,Ironbridge Town,Queensbury FC,3,1,H,25,21,5,4,2.01,4.21,3.19
2024-25,2025-02-08,Northgate Athletic,Kingsport United,2,2,D,13,17,7,8,2.75,3.41,2.53
2024-25,2025-02-08,Stonebridge City,Oakvale Rovers,4,1,H,19,9,5,4,2.23,3.6,3.08
2024-25,2025-02-08,Thornbury Athletic,Castleton United,1,2,A,21,11,4,2,1.51,4.64,5.42
2024-25,2025-02-08,Westfield Wanderers,Riverside United,2,0,H,22,11,6,1,2.6,3.72,2.47
2024-25,2025-02-09,Lakeside Rangers,Harrowgate Albion,2,1,H,10,15,5,7,2.22,3.6,3.06
2024-25,2025-02-09,Millbrook City,Portwell Town,4,1,H,23,13,7,4,2.4,3.68,2.78
2024-25,2025-02-15,Bramley Rovers,Queensbury FC,1,2,A,11,19,3,5,3.41,3.77,1.99
2024-25,2025-02-15,Dunmore Athletic,Riverside United,0,1,A,16,12,4,4,2.24,4.08,2.72
2024-25,2025-02-15,Fairhaven FC,Castleton United,2,0,H,10,11,5,1,2.03,3.34,3.81
2024-25,2025-02-15,Ironbridge Town,Kingsport United,0,3,A,18,13,5,5,2.2,3.77,2.92
2024-25,2025-02-15,Millbrook City,Oakvale Rovers,2,1,H,17,17,6,5,2.34,3.82,2.68
2024-25,2025-02-15,Northgate Athletic,Eastbrook Town,2,3,A,19,15,7,5,2.23,3.03,3.64
2024-25,2025-02-15,Stonebridge City,Glenwood Wanderers,3,2,H,11,18,4,3,2.47,3.35,2.93
2024-25,2025-02-15,Thornbury Athletic,Ashford City,1,1,D,27,21,11,6,1.83,4.79,3.29
2024-25,2025-02-16,Lakeside Rangers,Portwell Town,1,2,A,17,8,6,5,2.62,3.16,2.75
2024-25,2025-02-16,Westfield Wanderers,Harrowgate Albion,0,1,A,21,14,8,3,1.65,4.05,4.87
2024-25,2025-02-22,Dunmore Athletic,Harrowgate Albion,1,3,A,23,15,6,4,1.58,4.54,4.71
2024-25,2025-02-22,Fairhaven FC,Ashford City,2,1,H,17,16,4,8,2.96,3.68,2.3
2024-25,2025-02-22,Ironbridge Town,Eastbrook Town,3,2,H,20,5,9,3,1.75,3.84,4.45
2024-25,2025-02-22,Millbrook City,Glenwood Wanderers,2,1,H,20,11,6,2,2.75,3.97,2.31
2024-25,2025-02-22,Northgate Athletic,Riverside United,0,3,A,12,20,3,6,4.17,3.92,1.81
2024-25,2025-02-22,Queensbury FC,Kingsport United,2,2,D,12,15,2,6,2.06,3.81,3.3
2024-25,2025-02-22,Stonebridge City,Castleton United,0,1,A,15,9,3,2,2.03,3.26,3.86
2024-25,2025-02-22,Thornbury Athletic,Bramley Rovers,3,3,D,31,20,7,8,1.43,5.53,5.68
2024-25,2025-02-23,Lakeside Rangers,Oakvale Rovers,2,1,H,13,20,4,5,3.16,3.39,2.26
2024-25,2025-02-23,Westfield Wanderers,Portwell Town,2,2,D,14,12,5,3,2.03,3.4,3.83
2024-25,2025-03-01,Bramley Rovers,Kingsport United,3,0,H,11,8,4,3,3.43,3.76,2.02
2024-25,2025-03-01,Fairhaven FC,Thornbury Athletic,3,4,A,21,18,7,7,2.84,4.14,2.21
2024-25,2025-03-01,Ironbridge Town,Riverside United,1,3,A,18,14,4,7,2.24,3.84,2.92
2024-25,2025-03-01,Lakeside Rangers,Glenwood Wanderers,0,1,A,9,16,1,6,2.44,3.47,2.84
2024-25,2025-03-01,Millbrook City,Castleton United,0,0,D,19,8,4,6,2.02,3.59,3.45
2024-25,2025-03-01,Northgate Athletic,Harrowgate Albion,3,1,H,15,10,9,3,2.2,3.56,3.13
2024-25,2025-03-01,Queensbury FC,Eastbrook Town,3,1,H,20,10,10,3,1.8,3.55,4.64
2024-25,2025-03-01,Stonebridge City,Ashford City,2,3,A,15,18,5,7,2.21,3.6,3.0
2024-25,2025-03-02,Dunmore Athletic,Portwell Town,1,0,H,30,12,8,2,1.83,3.7,4.05
2024-25,2025-03-02,Westfield Wanderers,Oakvale Rovers,2,1,H,20,15,6,3,2.32,3.6,2.95
2024-25,2025-03-08,Fairhaven FC,Bramley Rovers,1,1,D,16,10,5,1,2.1,3.46,3.54
2024-25,2025-03-08,Ironbridge Town,Harrowgate Albion,3,1,H,17,11,11,1,1.71,4.33,4.22
2024-25,2025-03-08,Kingsport United,Eastbrook Town,1,0,H,15,8,6,1,1.86,3.37,4.66
2024-25,2025-03-08,Lakeside Rangers,Castleton United,2,0,H,16,11,6,1,2.26,3.17,3.28
2024-25,2025-03-08,Millbrook City,Ashford City,1,2,A,20,25,7,6,2.73,4.11,2.21
2024-25,2025-03-08,Northgate Athletic,Portwell Town,1,4,A,11,21,3,8,2.7,3.22,2.74
2024-25,2025-03-08,Queensbury FC,Riverside United,1,0,H,16,16,7,2,2.57,3.6,2.56
2024-25,2025-03-08,Stonebridge City,Thornbury Athletic,2,2,D,13,20,3,5,2.93,4.04,2.1
2024-25,2025-03-09,Dunmore Athletic,Oakvale Rovers,1,2,A,17,19,7,3,2.1,3.89,3.02
2024-25,2025-03-09,Westfield Wanderers,Glenwood Wanderers,1,1,D,21,16,4,4,1.91,3.74,3.7
2024-25,2025-03-15,Bramley Rovers,Eastbrook Town,1,1,D,12,3,3,1,2.23,3.16,3.54
2024-25,2025-03-15,Ironbridge Town,Portwell Town,1,0,H,17,8,3,2,1.86,3.75,3.98
2024-25,2025-03-15,Kingsport United,Riverside United,1,2,A,12,14,5,6,2.3,3.52,3.05
2024-25,2025-03-15,Lakeside Rangers,Ashford City,1,2,A,12,13,5,3,2.79,3.69,2.38
2024-25,2025-03-15,Millbrook City,Thornbury Athletic,1,1,D,18,33,4,7,2.8,4.62,2.07
2024-25,2025-03-15,Queensbury FC,Harrowgate Albion,1,1,D,11,7,3,2,1.78,4.04,3.98
2024-25,2025-03-15,Stonebridge City,Fairhaven FC,3,0,H,14,8,8,3,2.27,3.38,3.16
2024-25,2025-03-15,Westfield Wanderers,Castleton United,0,1,A,21,7,6,2,1.74,3.68,4.74
2024-25,2025-03-16,Dunmore Athletic,Glenwood Wanderers,4,0,H,24,17,11,2,2.3,3.77,2.79
2024-25,2025-03-16,Northgate Athletic,Oakvale Rovers,2,0,H,11,16,4,2,3.01,3.55,2.27
2024-25,2025-03-22,Eastbrook Town,Riverside United,1,1,D,10,10,1,2,3.39,3.13,2.25
2024-25,2025-03-22,Ironbridge Town,Oakvale Rovers,1,4,A,15,20,4,8,2.16,4.03,2.9
2024-25,2025-03-22,Kingsport United,Harrowgate Albion,0,0,D,18,10,5,5,1.79,3.66,4.44
2024-25,2025-03-22,Lakeside Rangers,Thornbury Athletic,2,4,A,22,25,7,11,3.69,4.67,1.77
2024-25,2025-03-22,Millbrook City,Fairhaven FC,1,1,D,16,24,3,9,2.19,3.72,3.08
2024-25,2025-03-22,Queensbury FC,Portwell Town,1,0,H,23,8,3,2,1.86,3.7,4.11
2024-25,2025-03-22,Stonebridge City,Bramley Rovers,3,0,H,21,14,8,6,1.88,3.57,4.18
2024-25,2025-03-22,Westfield Wanderers,Ashford City,2,1,H,26,13,8,4,2.07,3.88,3.21
2024-25,2025-03-23,Dunmore Athletic,Castleton United,0,0,D,21,9,6,1,1.54,4.24,6.26
2024-25,2025-03-23,Northgate Athletic,Glenwood Wanderers,0,0,D,10,12,2,1,2.52,3.54,2.65
2024-25,2025-03-29,Bramley Rovers,Riverside United,0,0,D,10,21,1,7,3.41,3.72,2.07
2024-25,2025-03-29,Dunmore Athletic,Ashford City,2,3,A,27,23,7,8,1.92,4.3,3.27
2024-25,2025-03-29,Eastbrook Town,Harrowgate Albion,0,1,A,16,8,4,3,2.18,3.26,3.48
2024-25,2025-03-29,Kingsport United,Portwell Town,1,0,H,14,7,4,2,2.01,3.28,3.93
2024-25,2025-03-29,Lakeside Rangers,Fairhaven FC,3,2,H,16,10,5,3,2.42,3.3,2.94
2024-25,2025-03-29,Millbrook City,Stonebridge City,4,1,H,17,20,7,6,2.26,3.65,2.88
2024-25,2025-03-29,Queensbury FC,Oakvale Rovers,1,2,A,17,20,6,5,2.02,3.93,3.27
2024-25,2025-03-29,Westfield Wanderers,Thornbury Athletic,3,2,H,23,20,4,3,2.28,4.29,2.67
2024-25,2025-03-30,Ironbridge Town,Glenwood Wanderers,2,0,H,13,18,4,5,2.07,3.72,3.2
2024-25,2025-03-30,Northgate Athletic,Castleton United,2,1,H,14,7,6,4,2.41,3.06,3.25
2024-25,2025-04-05,Dunmore Athletic,Thornbury Athletic,4,1,H,31,19,15,3,2.02,4.52,3.03
2024-25,2025-04-05,Eastbrook Town,Portwell Town,0,2,A,8,7,1,2,2.54,2.76,3.25
2024-25,2025-04-05,Kingsport United,Oakvale Rovers,2,0,H,18,9,7,4,2.19,3.34,3.32
2024-25,2025-04-05,Lakeside Rangers,Stonebridge City,0,1,A,10,9,3,1,2.88,3.26,2.52
2024-25,2025-04-05,Millbrook City,Bramley Rovers,3,3,D,16,16,8,3,2.02,4.12,3.14
2024-25,2025-04-05,Queensbury FC,Glenwood Wanderers,0,0,D,14,18,4,1,2.08,3.89,3.13
2024-25,2025-04-05,Riverside United,Harrowgate Albion,2,0,H,22,15,6,6,1.65,4.03,5.22
2024-25,2025-04-05,Westfield Wanderers,Fairhaven FC,1,2,A,17,16,2,6,1.88,3.82,3.96
2024-25,2025-04-06,Ironbridge Town,Castleton United,2,1,H,21,14,7,7,1.75,3.85,4.35
2024-25,2025-04-06,Northgate Athletic,Ashford City,1,3,A,12,19,3,7,2.51,3.55,2.67
2024-25,2025-04-12,Bramley Rovers,Harrowgate Albion,2,0,H,14,12,4,1,2.13,3.44,3.34
2024-25,2025-04-12,Dunmore Athletic,Fairhaven FC,3,0,H,26,9,7,3,1.7,4.28,4.17
2024-25,2025-04-12,Eastbrook Town,Oakvale Rovers,0,0,D,7,11,3,1,3.4,3.14,2.26
2024-25,2025-04-12,Kingsport United,Glenwood Wanderers,0,1,A,12,18,4,4,2.28,3.6,3.03
2024-25,2025-04-12,Lakeside Rangers,Millbrook City,1,3,A,15,18,7,6,2.51,3.84,2.56
2024-25,2025-04-12,Northgate Athletic,Thornbury Athletic,2,3,A,24,18,5,9,3.2,4.24,1.94
2024-25,2025-04-12,Riverside United,Portwell Town,3,0,H,21,9,8,3,1.86,3.56,4.38
2024-25,2025-04-12,Westfield Wanderers,Stonebridge City,2,0,H,12,16,7,9,2.11,3.74,3.24
2024-25,2025-04-13,Ironbridge Town,Ashford City,2,0,H,19,10,11,3,2.03,3.92,3.31
2024-25,2025-04-13,Queensbury FC,Castleton United,2,1,H,19,9,7,4,1.82,3.61,4.38
2024-25,2025-04-19,Dunmore Athletic,Stonebridge City,1,1,D,18,10,7,2,1.89,3.81,3.67
2024-25,2025-04-19,Eastbrook Town,Glenwood Wanderers,1,0,H,16,9,4,3,2.68,3.03,2.82
2024-25,2025-04-19,Harrowgate Albion,Portwell Town,1,2,A,16,14,5,5,2.62,3.07,2.81
2024-25,2025-04-19,Kingsport United,Castleton United,0,1,A,21,9,7,4,1.83,3.36,4.86
2024-25,2025-04-19,Lakeside Rangers,Bramley Rovers,1,0,H,14,19,3,3,2.08,3.57,3.36
2024-25,2025-04-19,Northgate Athletic,Fairhaven FC,0,2,A,19,19,8,8,2.79,3.29,2.59
2024-25,2025-04-19,Riverside United,Oakvale Rovers,2,0,H,25,8,8,3,1.82,3.79,4.1
2024-25,2025-04-19,Westfield Wanderers,Millbrook City,0,0,D,16,16,3,6,1.67,4.55,4.38
2024-25,2025-04-20,Ironbridge Town,Thornbury Athletic,1,1,D,21,22,8,8,2.61,4.68,2.23
2024-25,2025-04-20,Queensbury FC,Ashford City,1,3,A,18,16,8,8,2.24,3.85,2.8
2024-25,2025-04-26,Bramley Rovers,Portwell Town,1,1,D,10,13,2,4,2.86,3.25,2.57
2024-25,2025-04-26,Dunmore Athletic,Millbrook City,3,0,H,28,14,12,3,1.76,4.5,3.92
2024-25,2025-04-26,Eastbrook Town,Castleton United,0,1,A,9,9,6,4,2.57,2.78,3.3
2024-25,2025-04-26,Harrowgate Albion,Oakvale Rovers,0,3,A,15,14,3,7,3.06,3.44,2.34
2024-25,2025-04-26,Ironbridge Town,Fairhaven FC,2,0,H,30,19,10,6,2.14,3.89,3.02
2024-25,2025-04-26,Northgate Athletic,Stonebridge City,1,3,A,11,21,2,7,2.5,3.24,2.95
2024-25,2025-04-26,Riverside United,Glenwood Wanderers,0,0,D,18,13,5,4,1.74,4.07,4.22
2024-25,2025-04-26,Westfield Wanderers,Lakeside Rangers,0,0,D,13,16,4,5,1.89,3.88,3.78
2024-25,2025-04-27,Kingsport United,Ashford City,4,1,H,19,16,8,4,2.4,3.63,2.75
2024-25,2025-04-27,Queensbury FC,Thornbury Athletic,3,1,H,24,20,10,5,2.64,4.45,2.23
2024-25,2025-05-03,Dunmore Athletic,Lakeside Rangers,1,3,A,24,15,9,5,1.85,3.98,3.74
2024-25,2025-05-03,Eastbrook Town,Ashford City,2,0,H,11,15,4,2,3.59,3.32,2.15
2024-25,2025-05-03,Harrowgate Albion,Glenwood Wanderers,0,1,A,12,12,2,3,2.48,3.59,2.65
2024-25,2025-05-03,Ironbridge Town,Stonebridge City,2,2,D,16,15,2,7,2.28,3.67,2.92
2024-25,2025-05-03,Northgate Athletic,Millbrook City,4,3,H,22,15,10,9,2.06,3.93,3.28
2024-25,2025-05-03,Portwell Town,Oakvale Rovers,1,3,A,18,13,1,3,3.06,3.19,2.46
2024-25,2025-05-03,Riverside United,Castleton United,4,1,H,27,13,9,4,1.71,3.64,5.05
2024-25,2025-05-03,Westfield Wanderers,Bramley Rovers,5,2,H,21,18,8,6,1.86,4.04,3.68
2024-25,2025-05-04,Kingsport United,Thornbury Athletic,3,1,H,24,17,7,9,2.59,4.05,2.33
2024-25,2025-05-04,Queensbury FC,Fairhaven FC,2,0,H,15,13,6,1,2.24,4.0,2.85
